date,open,close,high,low
2014-01-02,15.88,15.66,16.15,15.58
2014-01-03,15.70,15.53,15.70,15.49
2014-01-06,15.52,15.53,15.61,15.43
2014-01-07,15.52,15.28,15.55,15.22
2014-01-08,15.29,15.40,15.51,15.24
2014-01-09,15.42,15.45,15.58,15.39
2014-01-10,15.45,15.24,15.48,15.15
2014-01-13,15.25,15.11,15.26,15.01
2014-01-14,15.14,15.08,15.33,15.07
2014-01-15,15.00,15.17,15.27,14.97
2014-01-16,15.24,15.22,15.26,15.14
2014-01-17,15.24,15.02,15.26,15.01
2014-01-20,15.01,15.05,15.18,14.93
2014-01-21,15.02,15.05,15.18,15.01
2014-01-22,15.24,15.09,15.24,15.02
2014-01-23,15.15,15.19,15.26,15.09
2014-01-24,15.21,14.86,15.21,14.75
2014-01-27,15.00,15.05,15.09,14.95
2014-01-28,15.04,15.07,15.13,14.92
2014-01-29,15.06,15.17,15.19,15.02
2014-01-30,15.17,15.36,15.38,15.08
2014-02-07,15.51,16.46,16.74,15.46
2014-02-10,16.49,17.00,17.00,16.29
2014-02-11,17.13,16.71,17.21,16.60
2014-02-12,16.71,17.13,17.21,16.61
2014-02-13,17.40,17.42,17.55,17.05
2014-02-14,17.42,16.98,17.42,16.75
2014-02-17,16.83,17.02,17.12,16.48
2014-02-18,16.93,15.32,16.98,15.32
2014-02-19,15.43,14.82,15.54,14.48
2014-02-20,14.75,13.34,14.75,13.33
2014-02-21,13.38,13.59,13.78,12.94
2014-02-24,13.66,14.35,14.47,13.50
2014-02-25,14.35,14.50,14.93,14.23
2014-02-26,14.35,13.64,14.51,13.40
2014-02-27,13.81,14.24,14.41,13.81
2014-02-28,14.13,14.55,14.61,13.35
2014-03-03,14.14,14.01,14.30,13.87
2014-03-04,14.07,13.60,14.18,13.54
2014-03-05,13.40,13.65,13.82,13.36
2014-03-06,13.88,14.43,14.55,13.73
2014-03-07,12.99,12.99,12.99,12.99
2014-03-10,11.99,11.70,12.34,11.69
2014-03-11,11.73,11.08,11.82,11.05
2014-03-12,11.21,11.29,11.37,11.04
2014-03-13,11.29,11.35,11.59,11.13
2014-03-14,11.56,11.59,11.91,11.34
2014-03-17,11.48,11.31,11.64,11.12
2014-03-18,11.22,11.21,11.40,11.15
2014-03-19,11.25,11.26,11.39,10.85
2014-03-20,11.18,10.14,11.30,10.13
2014-03-21,10.21,9.79,10.28,9.25
2014-03-24,9.76,9.94,10.26,9.73
2014-03-25,10.00,10.04,10.17,9.62
2014-03-26,10.09,10.15,10.23,9.95
2014-03-27,10.06,10.28,10.54,9.95
2014-03-28,10.29,11.14,11.29,10.20
2014-03-31,10.88,10.51,10.98,10.48
2014-04-01,10.38,10.20,10.72,10.03
2014-04-02,10.46,10.54,11.17,10.31
2014-04-03,10.09,10.00,10.37,9.91
2014-04-04,9.96,10.22,10.24,9.88
2014-04-08,10.29,10.42,10.65,10.28
2014-04-09,10.31,10.44,10.49,10.30
2014-04-10,10.39,10.39,10.41,10.27
2014-04-11,10.35,10.37,10.44,10.28
2014-04-14,10.44,10.11,10.44,10.09
2014-04-15,10.08,10.20,10.22,10.06
2014-04-16,10.31,10.56,10.59,10.30
2014-04-17,10.44,10.45,10.53,10.43
2014-04-18,10.45,10.56,10.67,10.35
2014-04-21,10.55,10.63,10.64,10.44
2014-04-22,10.61,10.83,10.92,10.60
2014-04-23,10.84,10.73,10.84,10.65
2014-04-24,10.76,10.48,10.77,10.31
2014-04-25,10.42,10.13,10.49,10.05
2014-04-28,10.11,10.21,10.22,10.04
2014-04-29,10.26,10.26,10.32,10.18
2014-04-30,10.27,10.31,10.33,10.14
2014-05-05,10.26,10.42,10.46,10.25
2014-05-06,10.34,10.02,10.38,10.01
2014-05-07,10.03,9.94,10.15,9.84
2014-05-08,9.92,9.72,9.95,9.66
2014-05-09,9.74,9.69,9.80,9.65
2014-05-12,9.65,9.90,9.91,9.65
2014-05-13,9.91,9.76,9.99,9.70
2014-05-14,9.65,9.74,9.84,9.62
2014-05-15,9.78,9.37,9.80,9.28
2014-05-16,9.38,9.43,9.51,9.35
2014-05-19,9.42,9.07,9.49,9.00
2014-05-20,9.07,9.10,9.13,9.00
2014-05-21,9.11,9.19,9.36,9.08
2014-05-22,9.29,9.15,9.38,9.11
2014-05-23,9.18,9.26,9.33,9.16
2014-05-26,9.36,9.51,9.64,9.29
2014-05-27,9.44,10.10,10.18,9.41
2014-05-28,10.22,10.03,10.22,9.86
2014-05-29,10.02,10.27,10.43,9.95
2014-05-30,10.17,10.03,10.17,9.90
2014-06-03,10.05,9.83,10.07,9.72
2014-06-04,9.79,9.91,10.15,9.73
2014-06-05,9.91,10.05,10.28,9.86
2014-06-06,10.03,9.99,10.13,9.93
2014-06-09,10.00,10.08,10.16,9.99
2014-06-10,10.09,9.88,10.09,9.88
2014-06-11,9.85,9.94,9.95,9.84
2014-06-12,9.93,9.94,9.97,9.84
2014-06-13,9.89,10.00,10.05,9.86
2014-06-16,9.98,9.89,10.05,9.84
2014-06-17,9.90,9.91,9.96,9.85
2014-06-18,9.90,9.77,9.91,9.75
2014-06-19,9.78,9.78,9.87,9.72
2014-06-20,9.79,9.87,9.96,9.78
2014-06-23,9.84,9.60,9.91,9.55
2014-06-24,9.62,9.69,9.70,9.45
2014-06-25,9.64,9.64,9.80,9.58
2014-06-26,9.64,9.78,9.85,9.61
2014-06-27,9.85,10.06,10.08,9.82
2014-06-30,10.08,10.01,10.15,9.83
2014-07-01,10.00,10.04,10.10,9.90
2014-07-02,10.03,10.05,10.16,9.99
2014-07-03,10.06,9.87,10.07,9.86
2014-07-04,9.85,9.93,10.03,9.84
2014-07-07,10.02,10.22,10.32,10.02
2014-07-08,10.24,10.11,10.24,10.08
2014-07-09,10.10,10.15,10.17,10.09
2014-07-10,10.19,10.18,10.26,10.15
2014-07-11,10.13,10.07,10.16,10.06
2014-07-14,10.06,9.91,10.07,9.90
2014-07-15,9.87,9.92,9.95,9.76
2014-07-16,9.97,9.93,10.06,9.92
2014-07-17,9.94,9.87,9.96,9.87
2014-07-18,9.85,9.88,9.99,9.85
2014-07-21,9.89,10.09,10.23,9.86
2014-07-22,10.08,10.13,10.14,10.03
2014-07-23,10.13,10.19,10.22,10.05
2014-07-24,10.18,10.13,10.27,10.12
2014-07-25,10.13,9.94,10.16,9.93
2014-07-28,9.95,10.03,10.07,9.92
2014-07-29,10.04,10.14,10.23,10.03
2014-07-30,10.11,9.97,10.16,9.95
2014-07-31,10.00,9.97,10.06,9.88
2014-08-01,10.00,9.97,10.06,9.80
2014-08-04,10.32,10.22,10.64,10.15
2014-08-05,10.16,10.16,10.17,10.02
2014-08-06,10.15,10.17,10.36,10.14
2014-08-07,10.20,10.05,10.24,10.02
2014-08-08,10.14,10.18,10.28,10.05
2014-08-11,10.24,10.18,10.27,10.15
2014-08-12,10.17,10.15,10.25,10.05
2014-08-13,10.12,9.93,10.16,9.92
2014-08-14,9.92,9.93,10.05,9.92
2014-08-15,9.99,9.94,10.03,9.88
2014-08-18,9.90,9.82,10.05,9.81
2014-08-19,9.89,9.76,9.99,9.75
2014-08-20,9.66,9.28,9.66,9.25
2014-08-21,9.34,9.35,9.42,9.28
2014-08-22,9.41,9.34,9.48,9.30
2014-08-25,9.37,9.33,9.37,9.29
2014-08-26,9.27,9.40,9.43,9.24
2014-08-27,9.46,9.34,9.46,9.33
2014-08-28,9.36,9.34,9.38,9.29
2014-08-29,9.34,9.29,9.36,9.26
2014-09-01,9.25,8.68,9.25,8.64
2014-09-02,8.67,8.68,8.72,8.52
2014-09-03,8.65,8.77,8.79,8.60
2014-09-04,8.79,8.80,8.86,8.77
2014-09-05,8.80,8.76,8.84,8.74
2014-09-09,8.72,8.87,8.91,8.71
2014-09-10,8.83,8.88,8.94,8.70
2014-09-11,8.89,8.82,8.93,8.77
2014-09-12,8.84,9.06,9.10,8.75
2014-09-15,9.08,9.02,9.12,9.00
2014-09-16,9.04,9.07,9.10,8.99
2014-09-17,9.12,9.18,9.22,9.02
2014-09-18,9.16,9.03,9.18,9.01
2014-09-19,8.99,9.16,9.24,8.99
2014-09-22,9.12,9.09,9.23,9.09
2014-09-23,9.08,9.14,9.19,9.07
2014-09-24,9.14,9.14,9.18,9.03
2014-09-25,9.13,9.10,9.18,9.09
2014-09-26,9.10,9.51,9.65,9.02
2014-09-29,9.38,9.45,9.66,9.26
2014-09-30,9.47,9.02,9.53,8.93
2014-10-08,9.01,9.20,9.31,8.92
2014-10-09,9.31,9.62,9.96,9.24
2014-10-10,9.62,9.46,9.73,9.37
2014-10-13,9.61,9.37,9.87,9.35
2014-10-14,9.39,9.30,9.46,9.18
2014-10-15,9.41,9.55,9.59,9.31
2014-10-16,9.71,9.57,9.77,9.36
2014-10-17,9.58,9.80,9.86,9.57
2014-10-20,10.00,10.30,10.53,9.85
2014-10-21,10.30,10.26,10.52,10.10
2014-10-22,10.26,10.31,10.48,10.16
2014-10-23,10.48,10.26,10.70,9.92
2014-10-24,10.25,10.14,10.48,10.05
2014-10-27,10.05,10.22,10.39,10.00
2014-10-28,10.19,10.30,10.42,10.13
2014-10-29,10.30,10.34,10.42,10.20
2014-10-30,10.50,10.77,11.11,10.34
2014-10-31,10.55,10.16,10.58,10.15
2014-11-03,10.10,10.04,10.28,10.01
2014-11-04,10.10,10.01,10.39,9.93
2014-11-05,9.92,9.83,10.01,9.69
2014-11-06,9.79,9.83,9.96,9.69
2014-11-07,9.78,9.73,9.93,9.68
2014-11-10,9.79,8.98,9.82,8.90
2014-11-11,8.82,8.87,8.91,8.59
2014-11-12,8.92,8.90,9.04,8.79
2014-11-13,8.89,8.93,8.93,8.77
2014-11-14,8.93,8.58,8.93,8.57
2014-11-17,8.56,8.63,8.71,8.55
2014-11-18,8.63,8.49,8.73,8.35
2014-11-19,8.47,8.55,8.57,8.41
2014-11-20,8.55,8.43,8.56,8.31
2014-11-21,8.42,8.32,8.43,8.20
2014-11-24,8.27,8.36,8.44,8.27
2014-11-25,8.32,8.13,8.36,8.13
2014-11-26,8.15,7.91,8.20,7.85
2014-11-27,7.91,7.92,7.97,7.78
2014-11-28,7.94,8.01,8.09,7.92
2014-12-01,8.03,8.03,8.08,7.99
2014-12-02,8.07,8.10,8.17,8.01
2014-12-03,8.11,8.05,8.17,8.02
2014-12-04,8.14,8.14,8.31,8.09
2014-12-05,8.12,7.96,8.13,7.95
2014-12-08,7.97,7.94,8.00,7.81
2014-12-09,7.95,8.06,8.08,7.90
2014-12-10,8.04,8.04,8.08,7.98
2014-12-11,8.01,8.11,8.18,7.94
2014-12-12,8.07,8.07,8.15,8.03
2014-12-15,8.03,8.04,8.13,8.00
2014-12-16,8.04,8.06,8.07,7.99
2014-12-17,8.06,8.01,8.10,7.99
2014-12-18,8.02,8.09,8.09,8.00
2014-12-19,8.08,7.98,8.12,7.94
2014-12-22,7.99,7.99,8.02,7.95
2014-12-23,7.99,7.90,7.99,7.87
2014-12-24,7.90,7.84,7.94,7.84
2014-12-25,7.82,7.72,7.87,7.63
2014-12-26,7.72,7.68,7.75,7.66
2014-12-29,7.69,7.64,7.69,7.59
2014-12-30,7.63,7.61,7.68,7.59
2014-12-31,7.60,7.59,7.65,7.57
2015-01-05,7.59,7.65,7.65,7.59
2015-01-06,7.65,7.60,7.67,7.59
2015-01-07,7.59,7.48,7.61,7.46
2015-01-08,7.50,7.50,7.51,7.36
2015-01-09,7.50,7.47,7.60,7.46
2015-01-12,7.45,7.39,7.51,7.37
2015-01-13,7.37,7.40,7.44,7.36
2015-01-14,7.40,7.41,7.43,7.37
2015-01-15,7.40,7.15,7.41,7.13
2015-01-16,7.11,7.14,7.18,7.07
2015-01-19,7.14,7.20,7.28,7.11
2015-01-20,7.19,7.24,7.26,7.15
2015-01-21,7.27,7.23,7.29,7.21
2015-01-22,7.25,7.22,7.26,7.20
2015-01-23,7.22,6.76,7.23,6.75
2015-01-26,6.76,6.80,6.89,6.75
2015-01-27,6.72,6.51,6.72,6.38
2015-01-28,6.48,6.34,6.52,6.24
2015-01-29,6.45,6.27,6.45,6.18
2015-01-30,6.27,6.33,6.40,6.27
2015-02-02,6.34,6.38,6.43,6.30
2015-02-03,6.42,6.53,6.55,6.38
2015-02-04,6.53,6.56,6.65,6.48
2015-02-05,6.51,6.44,6.52,6.38
2015-02-06,6.44,6.27,6.59,6.27
2015-02-09,6.24,6.31,6.33,5.91
2015-02-10,6.34,6.19,6.37,6.16
2015-02-11,6.19,6.28,6.35,6.18
2015-02-12,6.34,6.30,6.36,6.25
2015-02-13,6.30,6.13,6.31,6.13
2015-02-16,6.13,6.01,6.18,5.95
2015-02-17,6.01,6.03,6.08,5.96
2015-02-25,6.03,6.09,6.12,6.03
2015-02-26,6.08,5.98,6.11,5.96
2015-02-27,6.02,6.06,6.06,5.97
2015-03-02,6.04,6.12,6.12,6.00
2015-03-03,6.13,6.18,6.23,6.06
2015-03-04,6.23,6.13,6.23,6.02
2015-03-05,6.14,6.27,6.31,6.14
2015-03-06,6.28,6.29,6.33,6.23
2015-03-09,6.29,6.31,6.34,6.25
2015-03-10,6.31,6.16,6.32,6.16
2015-03-11,6.13,6.29,6.35,6.10
2015-03-12,6.26,6.29,6.31,6.17
2015-03-13,6.36,6.32,6.36,6.26
2015-03-16,6.30,6.43,6.51,6.24
2015-03-17,6.44,6.34,6.48,6.34
2015-03-18,6.32,6.40,6.41,6.30
2015-03-19,6.43,6.50,6.56,6.40
2015-03-20,6.50,6.43,6.53,6.41
2015-03-23,6.41,6.48,6.53,6.40
2015-03-24,6.52,6.39,6.56,6.34
2015-03-25,6.39,6.38,6.47,6.36
2015-03-26,6.40,6.46,6.54,6.36
2015-03-27,6.47,6.45,6.50,6.37
2015-03-30,6.47,6.57,6.62,6.40
2015-03-31,6.71,6.48,6.72,6.45
2015-04-01,6.57,6.58,6.69,6.54
2015-04-02,6.61,6.91,6.95,6.58
2015-04-03,6.89,6.94,7.02,6.84
2015-04-07,6.88,6.61,6.91,6.48
2015-04-08,6.54,6.63,6.77,6.49
2015-04-09,6.55,6.23,6.79,6.19
2015-04-10,6.23,6.51,6.58,6.21
2015-04-13,6.60,6.58,6.69,6.41
2015-04-14,6.72,6.68,6.74,6.55
2015-04-15,6.65,6.89,6.99,6.58
2015-04-16,6.89,6.80,6.91,6.73
2015-04-17,6.80,6.63,6.80,6.56
2015-04-20,6.84,6.69,6.87,6.65
2015-04-21,6.59,6.40,6.62,6.29
2015-04-22,6.33,6.11,6.34,6.07
2015-04-23,6.15,6.02,6.29,5.99
2015-04-24,6.15,6.23,6.31,6.00
2015-04-27,6.25,6.20,6.27,6.11
2015-04-28,6.21,6.44,6.50,6.20
2015-04-29,6.43,6.66,6.76,6.37
2015-04-30,6.58,6.56,6.70,6.42
2015-05-04,6.57,6.66,6.67,6.47
2015-05-05,6.76,6.41,6.77,6.39
2015-05-06,6.36,6.50,6.57,6.36
2015-05-07,6.53,6.55,6.63,6.45
2015-05-08,6.53,6.58,6.65,6.47
2015-05-11,6.58,6.43,6.58,6.37
2015-05-12,6.46,6.22,6.46,6.22
2015-05-13,6.24,6.22,6.33,6.12
2015-05-14,6.21,6.26,6.32,6.12
2015-05-15,6.27,6.09,6.46,5.98
2015-05-18,6.00,5.96,6.09,5.87
2015-05-19,5.99,5.82,6.08,5.81
2015-05-20,5.85,5.94,5.96,5.74
2015-05-21,5.97,6.09,6.10,5.93
2015-05-22,6.16,6.00,6.17,5.96
2015-05-25,6.00,6.10,6.10,5.96
2015-05-26,6.07,6.08,6.12,5.98
2015-05-27,6.09,6.11,6.15,6.01
2015-05-28,6.07,6.34,6.51,5.94
2015-05-29,6.31,6.39,6.56,6.21
2015-06-01,6.37,6.02,6.39,5.99
2015-06-02,6.08,5.92,6.25,5.89
2015-06-03,5.85,5.96,6.07,5.83
2015-06-04,6.05,6.25,6.26,6.00
2015-06-05,6.37,6.51,6.58,6.25
2015-06-08,6.51,6.83,6.92,6.51
2015-06-09,6.77,6.92,7.17,6.62
2015-06-10,6.92,6.77,7.21,6.72
2015-06-11,6.72,7.45,7.45,6.62
2015-06-12,7.38,7.75,8.09,7.32
2015-06-15,7.88,7.86,7.98,7.62
2015-06-16,7.90,7.80,8.24,7.67
2015-06-17,7.91,7.96,7.96,7.64
2015-06-18,8.02,7.88,8.14,7.61
2015-06-19,7.90,7.98,8.12,7.72
2015-06-23,7.99,8.70,8.76,7.99
2015-06-24,8.77,9.46,9.57,8.50
2015-06-25,8.52,8.52,8.52,8.52
2015-06-26,8.54,8.55,8.56,8.43
2015-06-29,8.58,8.60,8.68,8.55
2015-06-30,8.55,8.47,8.66,8.45
2015-07-01,8.52,8.44,8.65,8.44
2015-07-02,7.66,7.69,7.90,7.66
2015-07-03,7.69,7.66,7.85,7.65
2015-07-06,7.73,7.78,7.86,7.58
2015-07-07,7.77,7.78,7.87,7.73
2015-07-08,7.75,7.58,7.82,7.55
2015-07-09,7.58,7.59,7.67,7.54
2015-07-10,7.57,7.73,7.78,7.57
2015-07-13,7.68,7.74,7.80,7.68
2015-07-14,7.73,7.50,7.74,7.50
2015-07-15,7.52,7.51,7.57,7.46
2015-07-16,7.51,7.56,7.62,7.51
2015-07-17,7.51,7.64,7.64,7.51
2015-07-20,7.62,7.61,7.69,7.59
2015-07-21,8.03,7.88,8.30,7.86
2015-07-22,7.81,8.07,8.17,7.78
2015-07-23,8.02,8.02,8.08,7.97
2015-07-24,8.00,7.94,8.06,7.93
2015-07-27,8.00,7.90,8.04,7.83
2015-07-28,7.89,7.97,8.00,7.86
2015-07-29,8.01,7.90,8.04,7.89
2015-07-30,7.91,7.86,7.93,7.83
2015-07-31,7.85,7.82,7.90,7.80
2015-08-03,7.81,7.92,8.02,7.74
2015-08-04,7.87,7.92,7.93,7.85
2015-08-05,7.90,7.87,7.97,7.86
2015-08-06,7.85,7.91,7.93,7.79
2015-08-07,7.90,7.74,7.91,7.73
2015-08-10,7.71,7.63,7.73,7.58
2015-08-11,7.62,7.51,7.65,7.48
2015-08-12,7.52,7.53,7.57,7.47
2015-08-13,7.54,7.53,7.59,7.52
2015-08-14,7.54,7.55,7.63,7.51
2015-08-17,7.55,7.58,7.68,7.55
2015-08-18,7.64,7.66,7.74,7.62
2015-08-19,7.66,7.84,7.85,7.63
2015-08-20,7.80,7.75,7.83,7.74
2015-08-21,7.75,7.71,7.79,7.70
2015-08-24,7.72,7.58,7.75,7.58
2015-08-25,7.59,7.14,7.61,6.86
2015-08-26,7.14,7.22,7.26,7.03
2015-08-27,7.21,7.18,7.23,7.16
2015-08-28,7.16,7.19,7.35,7.13
2015-08-31,7.18,7.27,7.30,7.16
2015-09-01,7.25,7.29,7.33,7.25
2015-09-02,7.28,7.24,7.33,7.24
2015-09-07,7.23,7.27,7.30,7.22
2015-09-08,7.26,7.34,7.37,7.26
2015-09-09,7.32,7.30,7.38,7.29
2015-09-10,7.30,7.34,7.36,7.28
2015-09-11,7.34,7.27,7.34,7.23
2015-09-14,7.28,7.30,7.31,7.19
2015-09-15,7.28,7.35,7.38,7.28
2015-09-16,7.35,7.37,7.40,7.34
2015-09-17,7.36,7.53,7.62,7.36
2015-09-18,7.54,7.51,7.55,7.47
2015-09-21,7.50,7.39,7.53,7.37
2015-09-22,7.39,7.29,7.47,7.29
2015-09-23,7.32,7.08,7.33,7.02
2015-09-24,7.14,7.28,7.29,7.07
2015-09-25,7.27,7.17,7.35,7.17
2015-09-28,7.18,7.34,7.41,7.18
2015-09-29,7.35,7.38,7.42,7.31
2015-09-30,7.31,7.38,7.39,7.24
2015-10-08,7.38,7.41,7.51,7.35
2015-10-09,7.42,7.30,7.45,7.26
2015-10-12,7.17,7.22,7.35,7.15
2015-10-13,7.30,7.09,7.30,7.06
2015-10-14,7.10,7.08,7.15,6.94
2015-10-15,7.07,7.18,7.21,7.03
2015-10-16,7.15,7.11,7.18,7.08
2015-10-19,7.11,7.12,7.16,7.05
2015-10-20,7.12,7.11,7.21,7.07
2015-10-21,7.12,7.24,7.25,7.11
2015-10-22,7.23,7.30,7.33,7.22
2015-10-23,7.31,7.20,7.31,7.19
2015-10-26,7.20,7.06,7.24,7.05
2015-10-27,7.06,7.25,7.32,7.00
2015-10-28,7.25,7.25,7.40,7.24
2015-10-29,7.25,7.60,7.82,7.25
2015-10-30,7.55,7.45,7.62,7.44
2015-11-02,7.44,7.55,7.66,7.44
2015-11-03,7.50,7.26,7.55,7.26
2015-11-04,7.21,7.06,7.23,6.96
2015-11-05,7.10,7.08,7.17,7.03
2015-11-06,7.06,6.98,7.06,6.86
2015-11-09,7.01,7.02,7.15,6.99
2015-11-10,6.97,6.99,7.06,6.94
2015-11-11,7.03,7.02,7.07,6.99
2015-11-12,7.04,7.02,7.04,6.95
2015-11-13,7.02,7.02,7.19,6.97
2015-11-16,7.07,7.02,7.16,6.98
2015-11-17,7.02,6.95,7.07,6.93
2015-11-18,6.94,7.02,7.04,6.80
2015-11-19,7.00,7.04,7.09,6.98
2015-11-20,7.03,7.03,7.05,6.97
2015-11-23,7.03,6.98,7.08,6.98
2015-11-24,7.02,7.03,7.12,6.81
2015-11-25,7.06,7.16,7.20,7.00
2015-11-26,7.19,7.20,7.23,7.12
2015-11-27,7.16,6.87,7.16,6.82
2015-11-30,6.90,7.13,7.17,6.88
2015-12-01,7.18,7.16,7.24,7.12
2015-12-02,7.21,7.12,7.21,7.03
2015-12-03,7.12,7.26,7.27,7.06
2015-12-04,7.23,7.15,7.32,7.14
2015-12-07,7.16,7.05,7.23,7.01
2015-12-08,7.05,7.17,7.20,6.96
2015-12-09,7.18,7.21,7.22,7.09
2015-12-10,7.22,7.43,7.43,7.21
2015-12-11,7.39,7.36,7.41,7.33
2015-12-14,7.36,7.48,7.60,7.34
2015-12-15,7.47,7.43,7.59,7.40
2015-12-16,7.50,7.30,7.52,7.25
2015-12-17,7.31,7.44,7.44,7.27
2015-12-18,7.43,7.22,7.51,7.19
2015-12-21,7.19,6.92,7.20,6.88
2015-12-22,6.91,6.93,7.02,6.80
2015-12-23,6.97,7.04,7.09,6.91
2015-12-24,7.04,6.92,7.05,6.90
2015-12-25,6.92,6.90,7.02,6.77
2015-12-28,6.82,6.73,6.86,6.65
2015-12-29,6.77,7.41,7.41,6.77
2015-12-30,7.27,7.24,7.37,7.14
2015-12-31,7.11,7.20,7.23,7.07
2016-01-04,7.14,7.04,7.27,7.04
2016-01-05,7.04,7.06,7.16,7.00
2016-01-06,6.90,6.35,6.90,6.35
2016-01-07,6.30,6.41,6.43,6.07
2016-01-08,6.49,6.60,6.65,6.47
2016-01-11,6.46,6.67,6.75,6.42
2016-01-12,6.68,6.70,6.72,6.62
2016-01-13,6.69,6.75,6.78,6.68
2016-01-14,6.79,6.72,6.86,6.69
2016-01-15,6.61,6.51,6.63,6.47
2016-01-18,6.55,6.43,6.59,6.43
2016-01-19,6.41,6.42,6.47,6.33
2016-01-20,6.73,7.06,7.06,6.58
2016-01-21,7.06,7.06,7.28,6.96
2016-01-22,7.07,7.25,7.41,6.90
2016-01-25,7.18,7.07,7.29,7.05
2016-01-26,7.07,7.21,7.28,6.99
2016-01-27,7.14,7.12,7.23,7.08
2016-01-28,7.11,7.02,7.16,6.91
2016-01-29,7.02,7.00,7.13,6.93
2016-02-01,6.95,6.67,7.05,6.65
2016-02-02,6.63,6.67,6.70,6.48
2016-02-03,6.59,6.67,6.70,6.57
2016-02-04,6.65,6.76,6.83,6.64
2016-02-05,6.72,6.75,6.81,6.68
2016-02-15,6.75,6.75,6.81,6.70
2016-02-16,6.76,6.71,6.78,6.64
2016-02-17,6.71,6.85,6.89,6.65
2016-02-18,6.89,6.92,6.95,6.84
2016-02-19,6.92,6.93,7.02,6.86
2016-02-22,6.93,6.87,6.94,6.81
2016-02-23,6.89,6.99,7.01,6.83
2016-02-24,7.06,6.86,7.10,6.82
2016-02-25,6.92,6.75,6.95,6.67
2016-02-26,6.82,7.07,7.11,6.78
2016-02-29,7.07,7.40,7.49,7.05
2016-03-01,7.53,7.66,7.71,7.44
2016-03-02,7.55,7.62,7.88,7.52
2016-03-03,7.58,7.69,7.71,7.53
2016-03-04,7.61,7.46,7.61,7.44
2016-03-07,7.43,7.53,7.57,7.41
2016-03-08,7.56,7.39,7.68,7.36
2016-03-09,7.39,7.16,7.41,7.11
2016-03-10,7.26,7.46,7.47,7.21
2016-03-11,7.52,7.60,7.76,7.50
2016-03-14,7.54,8.36,8.36,7.32
2016-03-15,7.92,7.55,8.04,7.55
2016-03-16,7.30,6.91,7.40,6.89
2016-03-17,6.88,6.80,6.96,6.68
2016-03-18,6.72,7.00,7.09,6.69
2016-03-21,6.97,6.87,7.03,6.85
2016-03-22,7.02,6.95,7.16,6.91
2016-03-23,6.91,6.83,7.12,6.77
2016-03-24,6.86,6.53,6.89,6.49
2016-03-25,6.55,6.59,6.68,6.43
2016-03-28,6.61,6.69,6.76,6.51
2016-03-29,6.76,6.87,6.94,6.69
2016-03-30,6.89,6.72,6.94,6.65
2016-03-31,6.73,6.66,6.86,6.47
2016-04-01,6.60,6.56,6.75,6.54
2016-04-05,6.54,6.66,6.66,6.46
2016-04-06,6.64,6.72,6.74,6.55
2016-04-07,6.68,6.62,6.73,6.58
2016-04-08,6.64,6.70,6.75,6.54
2016-04-11,6.71,6.77,6.85,6.63
2016-04-12,6.57,6.35,6.68,6.25
2016-04-13,6.42,6.57,6.57,6.37
2016-04-14,6.55,6.73,6.77,6.50
2016-04-15,6.73,6.74,6.80,6.66
2016-04-18,6.95,6.77,7.01,6.75
2016-04-19,6.77,6.89,6.93,6.69
2016-04-20,6.89,7.05,7.14,6.78
2016-04-21,7.05,6.95,7.06,6.90
2016-04-22,6.92,6.81,6.95,6.78
2016-04-25,6.82,6.97,7.00,6.81
2016-04-26,6.99,7.08,7.10,6.95
2016-04-27,7.14,7.11,7.19,7.06
2016-04-28,7.14,7.17,7.22,7.07
2016-04-29,7.12,7.12,7.18,7.06
2016-05-03,7.13,7.17,7.24,7.10
2016-05-04,7.14,7.08,7.18,7.06
2016-05-05,7.09,7.08,7.13,7.05
2016-05-06,7.07,6.98,7.08,6.97
2016-05-09,6.98,7.12,7.13,6.96
2016-05-10,7.13,7.20,7.23,7.08
2016-05-11,7.20,7.16,7.31,7.15
2016-05-12,7.17,7.16,7.19,7.13
2016-05-13,7.16,7.16,7.20,7.12
2016-05-16,7.19,7.28,7.40,7.14
2016-05-17,7.30,7.48,7.58,7.28
2016-05-18,7.47,7.38,7.53,7.36
2016-05-19,7.60,7.44,7.66,7.43
2016-05-20,7.37,7.26,7.41,7.24
2016-05-23,7.27,7.13,7.32,7.13
2016-05-24,7.11,7.06,7.15,7.00
2016-05-25,7.07,6.95,7.10,6.88
2016-05-26,6.98,6.97,7.05,6.95
2016-05-27,7.00,6.63,7.00,6.61
2016-05-30,6.68,6.57,6.73,6.53
2016-05-31,6.59,6.60,6.68,6.56
2016-06-01,6.60,6.59,6.66,6.36
2016-06-02,6.56,6.66,6.68,6.56
2016-06-03,6.60,6.62,6.65,6.57
2016-06-06,6.66,6.58,6.68,6.56
2016-06-07,6.62,6.60,6.67,6.53
2016-06-08,6.61,6.49,6.61,6.48
2016-06-13,6.48,6.47,6.52,6.45
2016-06-14,6.46,6.49,6.52,6.39
2016-06-15,6.48,6.23,6.53,6.23
2016-06-16,6.21,5.99,6.21,5.79
2016-06-17,6.00,6.03,6.10,5.95
2016-06-20,6.03,6.04,6.21,6.03
2016-06-21,6.02,5.92,6.06,5.90
2016-06-22,5.95,5.99,6.03,5.94
2016-06-23,5.99,6.01,6.06,5.93
2016-06-24,5.98,6.06,6.12,5.95
2016-06-27,6.05,5.92,6.09,5.91
2016-06-28,5.92,5.92,5.98,5.91
2016-06-29,5.92,5.98,6.01,5.91
2016-06-30,5.97,6.06,6.11,5.95
2016-07-01,6.19,6.08,6.25,6.03
2016-07-04,6.03,5.97,6.06,5.95
2016-07-05,5.95,6.07,6.09,5.95
2016-07-06,6.07,6.16,6.20,6.05
2016-07-07,6.31,6.21,6.44,6.20
2016-07-08,6.20,6.15,6.21,6.12
2016-07-11,6.15,6.34,6.39,6.09
2016-07-12,6.34,6.36,6.42,6.28
2016-07-13,6.37,6.37,6.54,6.30
2016-07-14,6.34,6.19,6.38,6.14
2016-07-15,6.27,6.34,6.51,6.20
2016-07-18,6.27,6.18,6.34,6.18
2016-07-19,6.14,5.80,6.16,5.78
2016-07-20,5.80,5.76,5.86,5.75
2016-07-21,5.77,5.85,5.91,5.75
2016-07-22,5.85,5.86,6.00,5.80
2016-07-25,5.82,5.54,5.86,5.40
2016-07-26,5.54,5.33,5.60,5.26
2016-07-27,5.34,5.45,5.45,5.31
2016-07-28,5.42,5.52,5.53,5.39
2016-07-29,5.51,5.43,5.53,5.39
2016-08-01,5.41,5.37,5.46,5.35
2016-08-02,5.38,5.32,5.44,5.31
2016-08-03,5.33,5.53,5.57,5.33
2016-08-04,5.53,5.66,5.73,5.49
2016-08-05,5.68,5.79,5.88,5.65
2016-08-08,5.76,5.84,5.89,5.70
2016-08-09,5.84,5.73,5.84,5.71
2016-08-10,5.78,5.69,5.80,5.60
2016-08-11,5.72,5.87,5.92,5.70
2016-08-12,5.84,5.88,6.03,5.82
2016-08-15,5.88,6.11,6.15,5.82
2016-08-16,6.14,6.21,6.22,6.10
2016-08-17,6.21,6.28,6.29,6.19
2016-08-18,6.28,6.44,6.47,6.28
2016-08-19,6.43,6.44,6.53,6.37
2016-08-22,6.44,6.65,6.74,6.42
2016-08-23,6.62,6.66,6.72,6.54
2016-08-24,6.67,6.47,6.69,6.43
2016-08-25,6.44,6.63,6.65,6.40
2016-08-26,6.63,6.67,6.84,6.57
2016-08-29,6.64,6.58,6.70,6.46
2016-08-30,6.58,6.75,6.80,6.54
2016-08-31,6.75,6.76,6.82,6.62
2016-09-01,6.71,6.58,6.77,6.58
2016-09-02,6.58,6.41,6.59,6.37
2016-09-05,6.42,6.46,6.59,6.42
2016-09-06,6.44,6.54,6.58,6.35
2016-09-07,6.52,6.57,6.59,6.49
2016-09-08,6.60,6.68,6.74,6.58
2016-09-09,6.68,6.63,6.73,6.58
2016-09-12,6.65,6.82,6.86,6.63
2016-09-13,6.78,6.77,6.90,6.70
2016-09-14,6.77,6.64,6.86,6.62
2016-09-19,6.72,6.46,6.75,6.45
2016-09-20,6.36,6.34,6.43,6.28
2016-09-21,6.42,6.41,6.46,6.37
2016-09-22,6.43,6.33,6.43,6.31
2016-09-23,6.38,6.40,6.62,6.33
2016-09-26,6.44,6.40,6.53,6.32
2016-09-27,6.40,6.32,6.41,6.30
2016-09-28,6.35,6.40,6.47,6.33
2016-09-29,6.39,6.48,6.51,6.39
2016-09-30,6.51,6.69,6.85,6.48
2016-10-10,6.64,6.71,6.82,6.62
2016-10-11,6.83,7.38,7.38,6.82
2016-10-12,7.39,8.12,8.12,7.31
2016-10-13,8.10,7.66,8.10,7.59
2016-10-14,7.68,7.62,7.76,7.50
2016-10-17,7.60,7.68,7.99,7.56
2016-10-18,7.68,7.78,7.85,7.49
2016-10-19,7.66,7.69,7.91,7.62
2016-10-20,7.74,7.71,7.78,7.54
2016-10-21,7.78,7.99,8.18,7.72
2016-10-24,7.88,7.99,8.00,7.84
2016-10-25,7.97,7.88,8.01,7.83
2016-10-26,7.99,8.02,8.28,7.74
2016-10-27,7.95,8.17,8.21,7.87
2016-10-28,8.09,8.20,8.23,7.97
2016-10-31,8.27,8.27,8.48,8.24
2016-11-01,8.34,8.51,8.53,8.20
2016-11-02,8.48,8.33,8.50,8.31
2016-11-03,8.24,8.47,8.56,8.23
2016-11-04,8.47,8.45,8.57,8.38
2016-11-07,8.39,8.49,8.58,8.32
2016-11-08,8.44,8.34,8.46,8.22
2016-11-09,8.44,8.34,8.49,8.32
2016-11-10,8.40,8.35,8.51,8.33
2016-11-11,8.35,8.47,8.50,8.21
2016-11-14,8.53,8.76,8.91,8.49
2016-11-15,8.77,8.88,8.89,8.63
2016-11-16,9.04,8.95,9.19,8.77
2016-11-17,8.95,9.05,9.09,8.95
2016-11-18,9.08,8.93,9.10,8.89
2016-11-21,8.92,8.88,8.94,8.82
2016-11-22,8.93,8.86,8.93,8.83
2016-11-23,8.81,8.73,8.86,8.70
2016-11-24,8.78,8.81,8.86,8.69
2016-11-25,8.90,8.96,9.11,8.88
2016-11-28,8.93,8.91,8.98,8.88
2016-11-29,8.93,8.95,9.13,8.87
2016-11-30,8.94,8.77,8.97,8.76
2016-12-01,8.79,8.45,8.80,8.42
2016-12-02,8.44,8.39,8.49,8.38
2016-12-05,8.56,8.60,8.63,8.51
2016-12-06,8.61,8.55,8.63,8.52
2016-12-07,8.56,8.94,9.09,8.53
2016-12-08,8.95,9.00,9.12,8.80
2016-12-09,8.95,8.97,9.05,8.81
2016-12-12,8.87,8.92,9.02,8.86
2016-12-13,8.89,8.96,9.03,8.88
2016-12-14,9.01,8.77,9.10,8.76
2016-12-15,8.79,8.83,9.00,8.68
2016-12-16,8.71,8.64,8.79,8.63
2016-12-19,8.46,8.08,8.53,8.03
2016-12-20,8.30,8.30,8.38,8.07
2016-12-21,8.30,8.37,8.44,8.26
2016-12-22,8.14,8.14,8.30,7.98
2016-12-23,8.20,8.37,8.44,8.18
2016-12-26,8.39,8.39,8.47,8.33
2016-12-27,8.38,8.40,8.46,8.32
2016-12-28,8.48,8.52,8.56,8.46
2016-12-29,8.50,8.48,8.60,8.42
2016-12-30,8.54,8.70,8.71,8.48
2017-01-03,8.69,8.83,8.88,8.66
2017-01-04,8.77,8.72,8.79,8.43
2017-01-05,8.65,9.11,9.16,8.60
2017-01-06,9.00,9.44,9.60,8.88
2017-01-09,9.38,9.44,9.83,9.15
2017-01-10,9.36,9.68,9.72,9.23
2017-01-11,9.64,9.74,10.15,9.53
2017-01-12,9.66,9.51,9.69,9.44
2017-01-13,9.27,8.87,9.32,8.85
2017-01-16,8.95,8.90,8.99,8.87
2017-01-17,8.85,8.83,9.03,8.74
2017-01-18,8.83,8.92,8.94,8.83
2017-01-19,8.94,8.98,9.01,8.91
2017-01-20,9.00,9.01,9.08,9.00
2017-01-23,9.08,9.06,9.12,9.04
2017-01-24,9.07,9.00,9.10,8.90
2017-01-25,9.02,8.69,9.03,8.64
2017-01-26,8.66,8.75,8.78,8.65
2017-02-03,8.77,8.68,8.77,8.66
2017-02-06,8.72,8.69,8.77,8.68
2017-02-07,8.68,8.68,8.74,8.65
2017-02-08,8.74,9.05,9.06,8.74
2017-02-09,9.08,9.12,9.18,9.02
2017-02-10,9.09,9.23,9.25,9.04
2017-02-13,9.18,9.15,9.21,9.13
2017-02-14,9.13,9.10,9.19,9.04
2017-02-15,9.11,9.03,9.26,9.01
2017-02-16,9.04,9.23,9.23,9.00
2017-02-17,9.27,9.30,9.52,9.03
2017-02-20,9.40,8.73,9.48,8.46
2017-02-21,8.39,9.30,9.31,8.37
2017-02-22,9.25,8.93,9.44,8.80
2017-02-23,8.77,9.26,9.49,8.76
2017-02-24,9.20,9.56,9.63,9.12
2017-02-27,9.50,9.67,9.95,9.13
2017-02-28,9.36,8.87,9.60,8.84
2017-03-01,9.07,9.09,9.28,8.76
2017-03-02,9.15,9.28,9.38,9.10
2017-03-03,9.11,8.35,9.17,8.35
2017-03-06,8.41,8.57,8.59,7.95
2017-03-07,8.41,7.90,8.61,7.84
2017-03-08,7.90,8.36,8.55,7.79
2017-03-09,8.33,8.32,8.42,8.16
2017-03-10,8.33,8.62,8.78,8.32
2017-03-13,8.47,8.57,8.64,8.31
2017-03-14,8.58,8.72,8.83,8.58
2017-03-15,8.76,8.56,8.85,8.54
2017-03-16,8.26,8.34,8.46,8.16
2017-03-17,8.42,8.48,8.61,8.38
2017-03-20,8.48,8.27,8.48,8.23
2017-03-21,8.36,9.08,9.08,8.34
2017-03-22,8.87,8.76,8.99,8.71
2017-03-23,8.67,8.58,8.76,8.57
2017-03-24,8.61,8.63,8.90,8.58
2017-03-27,8.62,8.72,8.94,8.59
2017-03-28,8.36,7.84,8.36,7.84
2017-03-29,7.74,7.67,7.91,7.55
2017-03-30,7.71,7.31,7.77,7.26
2017-03-31,7.28,7.43,7.49,7.17
2017-04-05,7.47,7.30,7.53,7.26
2017-04-06,7.22,7.35,7.43,7.14
2017-04-07,7.35,7.25,7.43,7.21
2017-04-10,7.31,7.10,7.35,7.07
2017-04-11,7.13,7.31,7.35,7.10
2017-04-12,7.32,7.16,7.33,7.12
2017-04-13,7.21,7.34,7.34,7.11
2017-04-14,7.31,7.17,7.31,7.13
2017-04-17,7.22,6.86,7.26,6.83
2017-04-18,6.85,6.79,6.86,6.74
2017-04-19,6.79,6.74,6.79,6.70
2017-04-20,6.74,6.71,6.75,6.69
2017-04-21,6.71,6.65,6.71,6.62
2017-04-24,6.64,6.73,6.75,6.60
2017-04-25,6.72,6.65,6.73,6.63
2017-04-26,6.66,6.30,6.66,6.28
2017-04-27,6.28,6.34,6.36,6.27
2017-04-28,6.33,6.39,6.45,6.27
2017-05-02,6.39,6.37,6.41,6.35
2017-05-03,6.39,6.34,6.42,6.33
2017-05-04,6.33,6.39,6.46,6.25
2017-05-05,6.42,6.42,6.44,6.37
2017-05-08,6.41,6.56,6.57,6.38
2017-05-09,6.54,6.61,6.76,6.50
2017-05-10,6.59,6.70,6.79,6.56
2017-05-11,6.70,6.54,6.70,6.52
2017-05-12,6.56,6.55,6.61,6.53
2017-05-15,6.28,5.93,6.35,5.91
2017-05-16,5.95,5.59,5.97,5.59
2017-05-17,5.67,5.55,5.67,5.51
2017-05-18,5.54,5.46,5.55,5.45
2017-05-19,5.46,5.58,5.58,5.45
2017-05-22,5.58,5.58,5.61,5.54
2017-05-23,5.56,5.58,5.63,5.54
2017-05-24,5.55,5.67,5.71,5.55
2017-05-25,5.65,5.73,5.78,5.64
2017-05-26,5.73,5.61,5.73,5.61
2017-05-31,5.63,5.61,5.69,5.59
2017-06-01,5.63,5.42,5.65,5.40
2017-06-02,5.42,5.43,5.48,5.40
2017-06-05,5.49,5.45,5.49,5.40
2017-06-06,5.43,5.50,5.52,5.43
2017-06-07,5.51,5.50,5.51,5.43
2017-06-08,5.50,5.61,5.72,5.49
2017-06-09,5.62,5.77,5.89,5.60
2017-06-12,5.82,5.79,5.84,5.72
2017-06-13,5.79,5.76,5.83,5.68
2017-06-14,5.76,5.73,5.77,5.68
2017-06-15,5.72,5.73,5.74,5.69
2017-06-16,5.75,6.20,6.30,5.73
2017-06-19,6.12,6.21,6.28,6.02
2017-06-20,6.35,6.44,6.63,6.25
2017-06-21,6.68,6.45,6.73,6.42
2017-06-22,6.46,6.19,6.48,6.07
2017-06-23,6.17,6.39,6.49,5.99
2017-06-26,6.42,6.48,6.64,6.42
2017-06-27,6.49,6.40,6.54,6.39
2017-06-28,6.39,6.53,6.59,6.34
2017-06-29,6.53,6.13,6.56,6.13
2017-06-30,6.10,6.18,6.31,6.01
2017-07-03,6.18,6.07,6.22,6.06
2017-07-04,6.07,5.74,6.13,5.72
2017-07-05,5.78,6.07,6.12,5.78
2017-07-06,6.13,6.40,6.43,6.08
2017-07-07,6.41,6.34,6.50,6.25
2017-07-10,6.29,6.97,6.97,6.24
2017-07-11,7.07,7.00,7.17,6.73
2017-07-12,6.97,6.63,6.97,6.50
2017-07-13,6.37,6.57,6.60,6.15
2017-07-14,6.58,6.67,6.68,6.56
2017-07-17,6.66,6.64,6.69,6.61
2017-07-18,6.64,6.46,6.66,6.46
2017-07-19,6.46,6.47,6.49,6.40
2017-07-20,6.47,6.41,6.50,6.40
2017-07-21,6.41,6.29,6.44,6.28
2017-07-24,6.29,6.34,6.36,6.26
2017-07-25,6.31,6.30,6.34,6.25
2017-07-26,6.30,6.33,6.36,6.23
2017-07-27,6.33,6.35,6.37,6.29
2017-07-28,6.34,6.33,6.36,6.30
2017-07-31,6.32,6.37,6.44,6.31
2017-08-01,6.32,6.12,6.34,6.09
2017-08-02,6.12,6.18,6.19,6.12
2017-08-03,6.18,6.14,6.18,6.11
2017-08-04,6.14,6.07,6.17,6.06
2017-08-07,6.68,6.44,6.68,6.38
2017-08-08,6.44,6.33,6.49,6.26
2017-08-09,6.53,6.96,6.96,6.44
2017-08-10,6.96,7.41,7.61,6.89
2017-08-11,7.40,7.45,7.48,7.39
2017-08-14,7.44,7.53,7.75,7.43
2017-08-15,7.54,7.63,7.70,7.49
2017-08-16,7.61,7.62,7.67,7.60
2017-08-17,7.61,7.67,7.69,7.60
2017-08-18,7.65,7.78,7.81,7.63
2017-08-21,7.75,7.83,7.87,7.74
2017-08-22,8.00,7.75,8.10,7.74
2017-08-23,7.75,8.01,8.04,7.66
2017-08-24,7.99,8.05,8.24,7.94
2017-08-25,8.02,7.92,8.06,7.92
2017-08-28,7.92,7.93,7.95,7.85
2017-08-29,7.91,7.94,8.02,7.91
2017-08-30,7.94,7.93,7.99,7.90
2017-08-31,7.94,7.75,7.96,7.72
2017-09-01,7.76,7.77,7.80,7.74
2017-09-04,7.78,7.70,7.80,7.69
2017-09-05,7.72,7.84,7.90,7.67
2017-09-06,7.81,7.74,7.84,7.73
2017-09-07,7.73,7.75,7.81,7.71
2017-09-08,7.67,7.96,8.05,7.62
2017-09-11,7.99,8.22,8.36,7.86
2017-09-12,8.25,8.09,8.29,8.08
2017-09-13,8.16,8.21,8.32,8.11
2017-09-14,8.16,8.08,8.27,8.03
2017-09-15,8.17,8.24,8.25,8.13
2017-09-18,8.26,8.51,8.60,8.26
2017-09-19,8.46,8.27,8.55,8.23
2017-09-20,8.25,8.13,8.30,8.09
2017-09-21,8.20,8.15,8.25,8.09
2017-09-22,8.29,7.88,8.40,7.88
2017-09-25,7.88,7.87,7.93,7.77
2017-09-26,7.89,7.83,7.92,7.73
2017-09-27,7.83,7.69,7.90,7.68
2017-09-28,7.70,6.92,7.74,6.92
2017-09-29,6.45,6.51,6.86,6.23
2017-10-09,6.48,6.58,6.65,6.33
2017-10-10,6.42,5.92,6.42,5.92
2017-10-11,5.97,5.71,6.05,5.33
2017-10-12,5.50,5.14,5.58,5.14
2017-10-13,5.15,5.32,5.44,5.11
2017-10-16,5.28,5.31,5.33,5.20
2017-10-17,5.30,5.28,5.43,5.25
2017-10-18,5.28,5.31,5.41,5.28
2017-10-19,5.32,5.41,5.48,5.20
2017-10-20,5.36,5.80,5.92,5.34
2017-10-23,5.70,5.72,5.87,5.65
2017-10-24,5.67,5.40,5.82,5.25
2017-10-25,5.45,5.28,5.48,5.16
2017-10-26,5.28,5.19,5.36,5.19
2017-10-27,5.10,4.90,5.10,4.82
2017-10-30,4.94,5.02,5.06,4.92
2017-10-31,4.98,4.99,5.02,4.94
2017-11-01,5.01,5.05,5.12,5.00
2017-11-02,5.05,4.96,5.07,4.96
2017-11-03,4.97,5.06,5.07,4.88
2017-11-06,5.05,5.29,5.34,5.03
2017-11-07,5.24,5.20,5.31,5.19
2017-11-08,5.16,5.09,5.23,5.09
2017-11-09,5.09,5.14,5.16,5.03
2017-11-10,5.11,5.12,5.17,5.04
2017-11-13,5.12,5.17,5.20,5.10
2017-11-14,5.18,5.21,5.26,5.16
2017-11-15,5.23,5.29,5.38,5.22
2017-11-16,5.29,5.25,5.29,5.20
2017-11-17,5.25,5.27,5.29,5.21
2017-11-20,5.27,5.24,5.30,5.18
2017-11-21,5.23,5.25,5.28,5.18
2017-11-22,5.25,5.20,5.34,5.18
2017-11-23,5.18,5.20,5.24,5.15
2017-11-24,5.22,5.17,5.22,5.14
2017-11-27,5.17,4.98,5.19,4.98
2017-11-28,5.00,5.01,5.09,4.96
2017-11-29,5.00,5.00,5.05,4.98
2017-11-30,4.96,5.07,5.11,4.96
2017-12-01,5.05,5.04,5.12,5.01
2017-12-04,5.04,5.07,5.11,5.01
2017-12-05,5.06,5.09,5.11,5.02
2017-12-06,5.13,5.03,5.13,5.03
2017-12-07,5.02,5.04,5.07,5.01
2017-12-08,4.99,5.12,5.17,4.91
2017-12-11,5.09,5.23,5.24,5.08
2017-12-12,5.16,5.12,5.29,5.11
2017-12-13,5.08,5.28,5.28,4.99
2017-12-14,5.17,5.11,5.42,5.09
2017-12-15,5.03,4.86,5.08,4.84
2017-12-18,4.86,4.84,4.86,4.73
2017-12-19,4.84,4.93,4.98,4.79
2017-12-20,4.92,4.95,4.99,4.90
2017-12-21,5.00,4.91,5.03,4.91
2017-12-22,4.88,4.80,4.91,4.78
2017-12-25,4.79,4.87,4.89,4.77
2017-12-26,4.91,4.88,4.94,4.86
2017-12-27,4.88,4.92,4.94,4.86
2017-12-28,4.92,5.04,5.07,4.92
2017-12-29,5.03,5.01,5.06,5.00
2018-01-02,5.01,5.01,5.02,4.97
2018-01-03,4.98,4.86,4.98,4.85
2018-01-04,4.84,4.96,4.98,4.84
2018-01-05,4.97,4.98,5.03,4.94
2018-01-08,4.97,5.01,5.03,4.88
2018-01-09,4.99,4.95,5.02,4.95
2018-01-10,4.95,4.95,4.96,4.87
2018-01-11,4.94,5.04,5.08,4.93
2018-01-12,5.03,5.03,5.15,5.02
2018-01-15,5.01,5.03,5.09,5.00
2018-01-16,5.05,5.04,5.10,5.01
2018-01-17,5.05,4.94,5.07,4.91
2018-01-18,4.95,4.94,4.97,4.88
2018-01-19,4.94,4.98,5.03,4.90
2018-01-22,4.99,5.07,5.07,4.98
2018-01-23,5.08,5.06,5.10,5.04
2018-01-24,5.07,4.94,5.07,4.93
2018-01-25,4.90,5.06,5.07,4.90
2018-01-26,5.06,5.10,5.15,5.03
2018-01-29,5.08,5.18,5.21,5.08
2018-01-30,5.16,5.20,5.21,5.13
2018-01-31,5.16,5.17,5.22,5.16
2018-02-01,5.19,5.17,5.24,5.15
