date,open,close,high,low
2014-01-02,4.04,4.16,4.17,4.00
2014-01-03,4.53,4.58,4.58,4.38
2014-01-06,4.58,4.72,4.72,4.56
2014-01-07,4.72,4.66,4.74,4.57
2014-01-08,4.65,4.74,4.80,4.63
2014-01-09,4.74,4.76,4.82,4.71
2014-01-10,4.73,4.70,4.79,4.57
2014-01-13,4.70,4.55,4.70,4.52
2014-01-14,4.52,4.57,4.58,4.45
2014-01-15,4.57,4.68,4.71,4.47
2014-01-16,4.70,4.75,4.75,4.64
2014-01-17,4.72,4.88,5.13,4.65
2014-01-20,4.85,4.90,4.92,4.83
2014-01-21,4.88,4.82,4.89,4.80
2014-01-22,4.79,4.84,4.87,4.79
2014-01-23,4.83,4.80,4.84,4.76
2014-01-24,4.80,4.80,4.83,4.78
2014-01-27,4.80,4.85,4.86,4.75
2014-01-28,4.85,4.94,4.98,4.82
2014-01-29,4.94,5.02,5.29,4.84
2014-01-30,5.04,5.08,5.12,4.93
2014-02-07,5.08,5.11,5.12,5.07
2014-02-10,5.15,5.15,5.45,5.05
2014-02-11,5.11,4.63,5.11,4.63
2014-02-12,4.59,4.68,4.72,4.57
2014-02-13,4.67,4.59,4.67,4.59
2014-02-14,4.67,4.57,4.75,4.24
2014-02-17,4.56,4.55,4.60,4.52
2014-02-18,4.53,4.61,4.69,4.51
2014-02-19,4.61,4.69,4.69,4.59
2014-02-20,4.69,4.70,4.73,4.65
2014-02-21,4.69,4.67,4.74,4.66
2014-02-24,4.68,4.55,4.69,4.53
2014-02-25,4.57,4.68,4.69,4.52
2014-02-26,4.69,4.72,4.75,4.62
2014-02-27,4.72,4.67,4.74,4.66
2014-02-28,4.67,4.70,4.72,4.63
2014-03-03,4.72,4.84,5.04,4.67
2014-03-04,4.85,4.92,4.93,4.84
2014-03-05,4.92,4.98,5.03,4.92
2014-03-06,4.98,4.95,5.01,4.94
2014-03-07,4.95,4.97,5.02,4.89
2014-03-10,4.94,5.09,5.10,4.94
2014-03-11,4.84,4.58,4.99,4.58
2014-03-12,4.61,4.76,4.77,4.61
2014-03-13,4.78,4.87,5.05,4.62
2014-03-14,4.86,4.90,4.91,4.85
2014-03-17,4.90,5.03,5.09,4.90
2014-03-18,5.03,5.14,5.14,4.99
2014-03-19,5.13,5.20,5.31,5.13
2014-03-20,5.19,5.45,5.46,5.19
2014-03-21,5.45,5.37,5.49,5.32
2014-03-24,5.38,5.32,5.50,5.30
2014-03-25,5.34,5.33,5.36,5.26
2014-03-26,5.73,4.80,5.73,4.80
2014-03-27,4.80,5.14,5.27,4.73
2014-03-28,5.04,5.09,5.20,5.03
2014-03-31,5.08,5.10,5.14,5.05
2014-04-01,5.08,5.01,5.12,4.94
2014-04-02,4.98,5.09,5.11,4.98
2014-04-03,5.10,4.92,5.13,4.89
2014-04-04,4.90,4.93,4.96,4.88
2014-04-08,4.97,5.04,5.13,4.94
2014-04-09,4.96,4.95,5.24,4.90
2014-04-10,4.92,4.98,5.05,4.91
2014-04-11,4.98,5.04,5.10,4.95
2014-04-14,5.03,4.97,5.04,4.93
2014-04-15,5.03,5.00,5.10,4.94
2014-04-16,5.00,4.94,5.05,4.86
2014-04-17,5.01,5.25,5.42,4.85
2014-04-18,5.25,5.44,5.64,5.25
2014-04-21,5.44,5.45,5.50,5.38
2014-04-22,5.46,5.53,5.56,5.46
2014-04-23,5.59,6.08,6.08,5.57
2014-04-24,6.09,6.25,6.25,6.05
2014-04-25,6.88,6.88,6.88,6.88
2014-04-28,6.85,6.74,6.92,6.31
2014-04-29,6.73,6.27,6.73,6.25
2014-04-30,6.23,6.90,6.90,6.02
2014-05-05,6.52,6.25,6.76,6.23
2014-05-06,6.26,6.50,6.55,6.26
2014-05-07,6.50,6.50,6.52,6.47
2014-05-08,6.50,6.42,6.50,6.41
2014-05-09,6.58,6.67,6.79,6.54
2014-05-12,6.67,6.76,6.77,6.66
2014-05-13,6.78,6.86,6.87,6.68
2014-05-14,6.88,7.27,7.34,6.88
2014-05-15,7.07,7.43,7.45,6.98
2014-05-16,7.15,6.69,7.30,6.69
2014-05-19,6.79,6.58,6.85,6.49
2014-05-20,6.57,6.59,6.63,6.53
2014-05-21,6.59,6.60,6.66,6.36
2014-05-22,6.79,6.25,6.91,6.16
2014-05-23,6.27,6.19,6.29,6.19
2014-05-26,6.19,6.15,6.19,6.12
2014-05-27,5.89,6.09,6.58,5.72
2014-05-28,5.91,5.66,6.08,5.66
2014-05-29,5.66,5.63,5.71,5.62
2014-05-30,5.78,5.72,5.79,5.66
2014-06-03,5.72,5.68,5.76,5.68
2014-06-04,5.68,5.80,5.96,5.14
2014-06-05,5.79,5.69,5.79,5.68
2014-06-06,5.67,5.81,5.84,5.66
2014-06-09,5.83,5.77,5.85,5.76
2014-06-10,5.85,5.91,6.06,5.36
2014-06-11,6.43,6.50,6.50,6.34
2014-06-12,6.50,6.58,6.61,6.47
2014-06-13,7.00,6.54,7.15,6.50
2014-06-16,6.15,5.89,6.35,5.89
2014-06-17,5.88,5.58,5.88,5.57
2014-06-18,5.58,5.49,5.60,5.48
2014-06-19,5.55,5.51,5.62,5.50
2014-06-20,5.54,5.50,5.54,5.47
2014-06-23,5.53,5.56,5.76,5.50
2014-06-24,5.56,5.51,5.57,5.47
2014-06-25,5.47,5.38,5.48,5.27
2014-06-26,5.37,5.39,5.43,5.34
2014-06-27,5.43,5.60,5.77,5.41
2014-06-30,5.58,5.38,5.69,5.36
2014-07-01,5.32,5.37,5.40,5.32
2014-07-02,5.40,5.35,5.43,5.35
2014-07-03,5.33,5.40,5.45,5.33
2014-07-04,5.40,5.25,5.41,5.24
2014-07-07,5.25,5.46,5.50,5.22
2014-07-08,5.45,5.44,5.54,5.39
2014-07-09,5.43,5.87,5.93,5.43
2014-07-10,5.86,5.83,5.91,5.78
2014-07-11,5.80,5.82,5.94,5.74
2014-07-14,5.83,5.78,5.85,5.75
2014-07-15,5.68,5.21,5.70,5.21
2014-07-16,5.12,4.79,5.19,4.75
2014-07-17,4.74,4.48,4.74,4.48
2014-07-18,4.51,4.41,4.51,4.33
2014-07-21,4.39,4.39,4.48,4.34
2014-07-22,4.39,4.45,4.75,4.37
2014-07-23,4.43,4.35,4.45,4.33
2014-07-24,4.38,4.31,4.43,4.30
2014-07-25,4.26,4.49,4.50,4.22
2014-07-28,4.49,4.40,4.49,4.40
2014-07-29,4.22,4.52,4.66,4.20
2014-07-30,4.47,4.48,4.61,4.39
2014-07-31,4.46,4.44,4.47,4.36
2014-08-01,4.44,4.44,4.48,4.39
2014-08-04,4.44,4.47,4.48,4.42
2014-08-05,4.47,4.53,4.54,4.47
2014-08-06,4.49,4.44,4.50,4.37
2014-08-07,4.44,4.53,4.57,4.43
2014-08-08,4.55,4.54,4.58,4.50
2014-08-11,4.58,4.53,4.60,4.52
2014-08-12,4.55,4.60,4.71,4.48
2014-08-13,4.60,4.60,4.65,4.56
2014-08-14,4.55,4.70,4.72,4.55
2014-08-15,4.74,4.76,4.79,4.71
2014-08-18,4.84,4.76,4.95,4.75
2014-08-19,4.70,4.71,4.77,4.68
2014-08-20,4.74,4.63,4.74,4.63
2014-08-21,4.74,4.63,4.74,4.53
2014-08-22,4.60,4.51,4.61,4.51
2014-08-25,4.56,4.74,4.84,4.48
2014-08-26,4.72,4.62,4.76,4.60
2014-08-27,4.62,4.64,4.64,4.60
2014-08-28,4.62,4.94,4.94,4.62
2014-08-29,4.92,4.84,4.96,4.81
2014-09-01,4.86,4.94,5.09,4.86
2014-09-02,4.94,4.95,4.99,4.88
2014-09-03,4.98,4.95,5.01,4.90
2014-09-04,4.93,4.91,4.99,4.84
2014-09-05,4.92,5.02,5.11,4.91
2014-09-09,5.04,4.74,5.06,4.70
2014-09-10,4.77,4.76,4.82,4.74
2014-09-11,4.72,4.73,4.80,4.69
2014-09-12,4.71,4.63,4.72,4.46
2014-09-15,4.63,4.67,4.74,4.57
2014-09-16,4.68,4.74,4.75,4.66
2014-09-17,4.67,4.71,4.85,4.66
2014-09-18,4.76,4.98,5.10,4.75
2014-09-19,4.99,4.96,4.99,4.91
2014-09-22,4.91,5.03,5.22,4.91
2014-09-23,5.16,5.15,5.30,5.08
2014-09-24,5.16,5.12,5.20,5.11
2014-09-25,5.13,5.19,5.19,5.08
2014-09-26,5.17,5.00,5.18,4.87
2014-09-29,5.03,5.09,5.18,4.95
2014-09-30,5.13,5.16,5.23,5.12
2014-10-08,5.16,5.10,5.16,5.09
2014-10-09,5.11,5.16,5.17,5.05
2014-10-10,5.18,5.27,5.28,5.14
2014-10-13,5.26,5.31,5.37,5.26
2014-10-14,5.33,5.29,5.39,5.28
2014-10-15,5.24,5.27,5.33,5.21
2014-10-16,5.31,5.22,5.32,5.18
2014-10-17,5.23,5.33,5.41,5.21
2014-10-20,5.35,5.62,5.67,5.28
2014-10-21,5.61,5.62,5.69,5.55
2014-10-22,5.60,5.53,5.62,5.34
2014-10-23,5.54,5.72,5.75,5.53
2014-10-24,5.69,5.69,5.73,5.68
2014-10-27,5.58,5.60,5.66,5.48
2014-10-28,5.63,5.65,5.68,5.62
2014-10-29,5.64,5.28,5.64,5.21
2014-10-30,5.32,5.40,5.41,5.30
2014-10-31,5.38,5.94,5.94,5.01
2014-11-03,5.93,6.12,6.46,5.93
2014-11-04,6.34,6.45,6.70,6.34
2014-11-05,6.46,6.41,6.47,6.37
2014-11-06,6.34,6.63,6.83,6.27
2014-11-07,6.63,6.55,6.65,6.55
2014-11-10,6.76,6.58,7.19,6.58
2014-11-11,6.64,6.70,6.89,6.57
2014-11-12,6.73,6.78,6.86,6.71
2014-11-13,6.79,6.71,6.81,6.70
2014-11-14,6.55,6.74,6.84,6.06
2014-11-17,6.73,6.93,7.08,6.68
2014-11-18,7.08,7.26,7.62,7.01
2014-11-19,7.26,6.89,7.26,6.87
2014-11-20,6.92,6.45,7.02,6.31
2014-11-21,6.40,6.31,6.50,6.29
2014-11-24,6.27,6.28,6.34,6.20
2014-11-25,6.35,6.49,6.74,6.33
2014-11-26,6.36,6.82,6.82,6.28
2014-11-27,6.80,6.72,6.82,6.71
2014-11-28,6.71,6.73,6.74,6.65
2014-12-01,6.76,6.69,6.78,6.68
2014-12-02,6.82,6.81,6.96,6.60
2014-12-03,6.84,6.73,6.85,6.71
2014-12-04,6.76,6.71,6.76,6.69
2014-12-05,6.72,6.81,6.84,6.70
2014-12-08,6.80,6.94,7.07,6.76
2014-12-09,6.96,6.91,7.02,6.88
2014-12-10,6.93,6.99,7.01,6.84
2014-12-11,7.00,6.97,7.03,6.95
2014-12-12,6.98,6.96,7.04,6.95
2014-12-15,6.27,6.27,6.58,6.27
2014-12-16,6.27,6.04,6.27,6.03
2014-12-17,6.04,6.23,6.32,5.91
2014-12-18,6.19,6.48,6.49,6.05
2014-12-19,6.34,5.83,6.37,5.83
2014-12-22,5.78,6.06,6.11,5.66
2014-12-23,6.08,6.08,6.19,6.00
2014-12-24,6.09,6.40,6.68,6.00
2014-12-25,6.21,6.34,6.42,6.16
2014-12-26,6.32,6.29,6.37,6.28
2014-12-29,6.22,5.96,6.23,5.67
2014-12-30,5.90,5.83,5.95,5.73
2014-12-31,5.70,5.93,6.41,5.61
2015-01-05,5.94,6.52,6.52,5.78
2015-01-06,6.34,6.38,6.42,6.10
2015-01-07,6.38,6.37,6.39,6.35
2015-01-08,6.38,6.30,6.45,6.19
2015-01-09,6.29,6.33,6.37,6.27
2015-01-12,6.32,6.25,6.41,6.17
2015-01-13,6.17,6.09,6.21,6.05
2015-01-14,6.08,6.17,6.26,6.08
2015-01-15,6.06,5.81,6.10,5.76
2015-01-16,5.80,5.88,5.88,5.74
2015-01-19,5.89,5.88,5.91,5.80
2015-01-20,5.85,5.88,5.92,5.74
2015-01-21,5.86,5.90,5.92,5.86
2015-01-22,5.91,5.88,5.91,5.83
2015-01-23,5.88,5.72,5.88,5.62
2015-01-26,5.76,5.72,5.78,5.62
2015-01-27,5.70,5.75,5.91,5.70
2015-01-28,5.73,5.77,5.82,5.66
2015-01-29,5.53,5.52,5.76,5.44
2015-01-30,5.50,5.37,5.51,5.32
2015-02-02,5.27,5.50,5.90,5.23
2015-02-03,5.49,5.36,5.49,5.32
2015-02-04,5.36,5.14,5.41,5.12
2015-02-05,5.14,5.04,5.14,5.04
2015-02-06,5.04,5.07,5.11,5.02
2015-02-09,5.12,5.23,5.25,5.10
2015-02-10,5.24,5.31,5.35,5.23
2015-02-11,5.25,5.38,5.48,4.84
2015-02-12,5.35,5.38,5.55,5.25
2015-02-13,5.37,5.41,5.44,5.34
2015-02-16,5.41,5.51,5.52,5.39
2015-02-17,5.52,5.52,5.57,5.50
2015-02-25,5.49,5.39,5.49,5.36
2015-02-26,5.36,5.22,5.37,5.21
2015-02-27,5.25,5.19,5.37,5.10
2015-03-02,5.18,5.33,5.51,5.11
2015-03-03,5.31,5.31,5.37,5.27
2015-03-04,5.29,5.10,5.34,5.09
2015-03-05,5.05,5.10,5.15,4.96
2015-03-06,5.11,5.07,5.15,5.06
2015-03-09,5.04,5.46,5.58,4.99
2015-03-10,5.47,5.53,5.54,5.44
2015-03-11,5.58,5.75,5.90,5.48
2015-03-12,5.79,5.74,5.88,5.69
2015-03-13,5.71,5.80,5.87,5.66
2015-03-16,5.80,6.37,6.38,5.70
2015-03-17,6.46,6.59,6.63,6.46
2015-03-18,6.53,6.43,6.61,6.38
2015-03-19,6.33,6.11,6.41,6.08
2015-03-20,6.11,6.22,6.23,6.03
2015-03-23,6.16,6.01,6.22,5.96
2015-03-24,5.95,5.59,6.01,5.50
2015-03-25,5.59,5.28,5.64,5.19
2015-03-26,5.25,5.24,5.26,5.20
2015-03-27,5.22,5.09,5.26,5.05
2015-03-30,5.10,5.07,5.28,5.01
2015-03-31,5.14,5.26,5.52,5.03
2015-04-01,5.25,5.66,5.66,5.07
2015-04-02,5.66,5.74,5.75,5.64
2015-04-03,5.71,5.55,5.83,5.17
2015-04-07,5.51,5.67,5.74,5.50
2015-04-08,5.62,5.66,5.75,5.62
2015-04-09,5.66,5.77,5.78,5.60
2015-04-10,5.75,5.82,5.86,5.63
2015-04-13,5.87,5.75,5.94,5.74
2015-04-14,5.93,5.81,6.13,5.71
2015-04-15,5.69,5.33,5.72,5.24
2015-04-16,5.35,5.36,5.43,5.35
2015-04-17,5.33,5.30,5.49,5.26
2015-04-20,5.32,5.32,5.33,5.28
2015-04-21,5.31,5.61,5.62,5.20
2015-04-22,5.56,5.48,5.56,5.41
2015-04-23,5.39,5.39,5.54,5.31
2015-04-24,5.40,5.40,5.44,5.33
2015-04-27,5.35,5.30,5.54,5.30
2015-04-28,5.25,5.31,5.36,5.24
2015-04-29,5.30,5.27,5.39,5.17
2015-04-30,5.25,5.29,5.29,5.25
2015-05-04,5.29,5.23,5.29,5.19
2015-05-05,5.16,5.16,5.24,5.02
2015-05-06,5.15,5.16,5.21,5.14
2015-05-07,5.15,5.09,5.15,5.02
2015-05-08,5.07,5.05,5.10,4.96
2015-05-11,5.03,5.07,5.07,5.00
2015-05-12,5.07,5.03,5.10,5.02
2015-05-13,5.00,4.86,5.09,4.78
2015-05-14,4.87,4.92,4.98,4.82
2015-05-15,4.93,4.85,4.94,4.85
2015-05-18,4.81,4.75,5.04,4.69
2015-05-19,4.73,4.81,4.83,4.66
2015-05-20,4.80,4.81,4.84,4.77
2015-05-21,4.81,4.80,4.85,4.79
2015-05-22,4.85,4.84,5.04,4.81
2015-05-25,4.81,4.81,5.17,4.76
2015-05-26,4.68,5.01,5.13,4.65
2015-05-27,5.02,5.04,5.10,4.99
2015-05-28,5.01,5.09,5.10,4.93
2015-05-29,5.07,5.00,5.07,4.97
2015-06-01,4.97,4.77,5.03,4.77
2015-06-02,4.77,4.82,4.86,4.76
2015-06-03,4.79,4.74,4.83,4.73
2015-06-04,4.72,4.73,4.78,4.70
2015-06-05,4.74,4.72,4.75,4.68
2015-06-08,4.83,4.77,5.05,4.75
2015-06-09,4.76,4.53,4.83,4.50
2015-06-10,4.53,4.52,4.55,4.47
2015-06-11,4.53,4.76,4.82,4.53
2015-06-12,4.76,4.65,4.77,4.65
2015-06-15,4.67,4.75,4.76,4.64
2015-06-16,4.76,5.11,5.14,4.68
2015-06-17,5.09,5.03,5.14,4.96
2015-06-18,5.03,5.09,5.09,4.98
2015-06-19,5.10,5.21,5.37,5.09
2015-06-23,5.14,5.32,5.36,5.07
2015-06-24,5.15,5.10,5.26,4.79
2015-06-25,5.07,5.09,5.12,5.07
2015-06-26,5.09,4.58,5.20,4.58
2015-06-29,4.58,4.64,4.68,4.55
2015-06-30,4.64,4.53,4.69,4.52
2015-07-01,4.53,4.49,4.53,4.46
2015-07-02,4.49,4.61,4.71,4.43
2015-07-03,4.58,5.00,5.08,4.51
2015-07-06,5.07,5.01,5.45,5.01
2015-07-07,5.01,4.69,5.01,4.66
2015-07-08,4.69,4.94,5.15,4.67
2015-07-09,4.89,4.93,4.94,4.86
2015-07-10,4.93,4.83,4.93,4.78
2015-07-13,4.84,5.15,5.18,4.82
2015-07-14,5.13,5.11,5.17,5.10
2015-07-15,5.20,5.62,5.62,5.20
2015-07-16,5.65,5.72,5.72,5.59
2015-07-17,5.68,5.76,5.76,5.68
2015-07-20,5.57,5.37,5.61,5.19
2015-07-21,5.37,5.33,5.48,5.24
2015-07-22,5.31,5.33,5.36,5.29
2015-07-23,5.35,5.38,5.39,5.31
2015-07-24,5.28,5.26,5.36,5.21
2015-07-27,5.45,5.22,5.48,5.04
2015-07-28,5.23,5.17,5.31,5.16
2015-07-29,5.21,5.27,5.33,5.16
2015-07-30,5.24,5.25,5.36,5.17
2015-07-31,5.25,5.21,5.35,5.12
2015-08-03,5.23,5.28,5.29,5.13
2015-08-04,5.28,5.23,5.28,5.19
2015-08-05,5.20,5.06,5.25,5.05
2015-08-06,4.97,5.13,5.19,4.94
2015-08-07,5.16,5.02,5.20,5.01
2015-08-10,5.13,5.42,5.51,5.09
2015-08-11,5.69,5.96,5.96,5.63
2015-08-12,6.00,6.00,6.15,5.79
2015-08-13,5.99,5.91,6.06,5.90
2015-08-14,5.88,5.66,5.96,5.61
2015-08-17,5.65,5.56,5.67,5.55
2015-08-18,5.53,5.70,5.79,5.52
2015-08-19,5.70,5.72,5.79,5.66
2015-08-20,5.72,5.67,5.78,5.66
2015-08-21,5.68,5.77,5.83,5.67
2015-08-24,5.78,5.89,5.89,5.78
2015-08-25,5.93,5.77,5.94,5.51
2015-08-26,5.72,6.09,6.10,5.65
2015-08-27,6.17,6.27,6.29,6.13
2015-08-28,6.28,6.36,6.46,5.99
2015-08-31,6.35,6.28,6.35,6.27
2015-09-01,6.18,6.21,6.24,6.09
2015-09-02,6.21,6.22,6.41,6.03
2015-09-07,6.22,6.84,6.84,6.11
2015-09-08,7.14,7.53,7.53,7.07
2015-09-09,7.50,7.54,7.59,7.47
2015-09-10,7.34,7.44,7.52,7.31
2015-09-11,7.43,7.74,7.74,7.40
2015-09-14,7.78,7.80,7.87,7.73
2015-09-15,7.74,7.45,7.76,7.37
2015-09-16,7.46,7.41,7.54,7.38
2015-09-17,7.27,7.12,7.27,6.81
2015-09-18,7.14,7.13,7.16,7.07
2015-09-21,7.23,6.85,7.25,6.84
2015-09-22,6.85,6.73,7.27,6.70
2015-09-23,6.39,6.06,6.58,6.06
2015-09-24,6.05,5.97,6.12,5.95
2015-09-25,5.97,5.87,6.01,5.87
2015-09-28,5.89,5.85,5.89,5.77
2015-09-29,5.85,5.89,5.92,5.77
2015-09-30,5.91,5.98,5.98,5.86
2015-10-08,6.06,6.06,6.29,6.06
2015-10-09,6.07,6.67,6.67,5.96
2015-10-12,6.62,6.22,6.72,6.21
2015-10-13,6.26,6.28,6.30,6.17
2015-10-14,6.37,6.33,6.50,6.30
2015-10-15,6.33,6.23,6.33,6.15
2015-10-16,6.51,6.85,6.85,5.85
2015-10-19,6.85,6.74,6.88,6.74
2015-10-20,6.74,6.76,6.85,6.59
2015-10-21,6.75,6.97,7.03,6.75
2015-10-22,7.00,7.03,7.09,6.97
2015-10-23,7.08,7.16,7.20,6.77
2015-10-26,7.21,7.11,7.41,7.07
2015-10-27,7.13,7.11,7.20,7.09
2015-10-28,7.11,7.17,7.24,7.04
2015-10-29,7.24,7.53,7.90,7.01
2015-10-30,6.91,6.98,7.64,6.78
2015-11-02,7.03,6.81,7.10,6.76
2015-11-03,6.81,6.91,7.02,6.76
2015-11-04,7.28,7.46,7.58,7.07
2015-11-05,7.36,7.51,7.51,7.36
2015-11-06,7.49,7.19,7.55,7.08
2015-11-09,7.18,7.12,7.23,7.11
2015-11-10,7.03,7.06,7.17,7.01
2015-11-11,7.07,6.80,7.07,6.79
2015-11-12,6.89,6.84,7.00,6.81
2015-11-13,6.88,7.52,7.52,6.77
2015-11-16,7.33,7.72,8.19,7.21
2015-11-17,7.84,7.90,7.90,7.77
2015-11-18,7.84,7.63,7.84,7.34
2015-11-19,7.58,7.70,7.71,7.51
2015-11-20,7.70,8.04,8.38,7.58
2015-11-23,8.04,8.04,8.08,7.99
2015-11-24,8.12,7.98,8.16,7.95
2015-11-25,7.88,8.23,8.41,7.81
2015-11-26,8.37,8.20,8.51,8.16
2015-11-27,8.21,8.21,8.30,8.20
2015-11-30,8.21,8.31,8.36,8.14
2015-12-01,8.31,8.41,8.54,8.31
2015-12-02,8.40,8.57,8.59,8.00
2015-12-03,8.59,8.61,8.77,8.59
2015-12-04,8.75,8.52,8.83,8.51
2015-12-07,8.56,8.50,8.66,8.44
2015-12-08,8.40,8.32,8.54,8.13
2015-12-09,8.29,8.08,8.31,8.04
2015-12-10,8.30,8.40,8.74,8.26
2015-12-11,8.40,8.44,8.47,8.36
2015-12-14,8.47,8.01,8.57,7.61
2015-12-15,7.99,7.96,8.17,7.89
2015-12-16,7.93,7.75,8.16,7.73
2015-12-17,7.69,7.57,7.75,7.56
2015-12-18,7.55,7.55,7.62,7.55
2015-12-21,7.59,7.43,7.63,7.41
2015-12-22,7.44,7.51,7.56,7.44
2015-12-23,7.44,7.72,7.78,7.41
2015-12-24,7.72,7.72,7.87,7.72
2015-12-25,7.80,7.86,8.04,7.65
2015-12-28,7.96,8.14,8.24,7.95
2015-12-29,8.15,8.40,8.69,8.10
2015-12-30,8.32,8.76,8.84,8.10
2015-12-31,8.77,8.58,8.89,8.56
2016-01-04,8.47,8.57,8.66,8.39
2016-01-05,8.62,8.75,8.80,8.59
2016-01-06,8.79,8.80,8.93,8.77
2016-01-07,8.83,8.90,8.95,8.75
2016-01-08,8.88,8.33,8.92,8.33
2016-01-11,8.29,8.32,8.39,8.19
2016-01-12,8.14,7.88,8.14,7.87
2016-01-13,8.00,8.04,8.30,8.00
2016-01-14,7.97,7.93,8.07,7.91
2016-01-15,7.92,8.57,8.65,7.90
2016-01-18,8.58,8.90,8.94,8.58
2016-01-19,8.90,8.74,8.96,8.66
2016-01-20,8.77,8.59,8.82,8.58
2016-01-21,8.59,8.52,8.63,8.47
2016-01-22,8.31,8.01,8.47,7.89
2016-01-25,8.01,8.38,8.77,7.87
2016-01-26,8.38,7.92,8.43,7.88
2016-01-27,7.83,8.02,8.05,7.67
2016-01-28,8.00,7.80,8.03,7.69
2016-01-29,7.78,7.85,7.90,7.72
2016-02-01,7.82,8.62,8.62,7.76
2016-02-02,8.46,8.49,8.63,8.42
2016-02-03,8.47,8.61,8.73,8.43
2016-02-04,8.46,8.30,8.57,8.12
2016-02-05,8.36,8.35,8.42,8.29
2016-02-15,8.33,8.34,8.38,8.30
2016-02-16,8.21,8.69,9.00,8.19
2016-02-17,8.65,8.77,9.00,8.56
2016-02-18,8.77,8.42,8.77,8.42
2016-02-19,8.43,8.51,8.61,8.37
2016-02-22,8.49,8.32,8.54,8.29
2016-02-23,8.42,8.49,8.51,8.30
2016-02-24,8.48,8.44,8.57,8.44
2016-02-25,8.43,8.30,8.43,8.26
2016-02-26,8.30,8.39,8.39,8.22
2016-02-29,8.40,8.43,8.62,8.40
2016-03-01,8.37,8.44,8.48,8.19
2016-03-02,8.40,8.44,8.49,8.37
2016-03-03,8.44,8.42,8.48,8.36
2016-03-04,8.40,8.34,8.48,8.27
2016-03-07,8.29,8.06,8.29,7.96
2016-03-08,8.11,8.69,8.82,8.01
2016-03-09,8.78,8.74,8.91,8.74
2016-03-10,8.74,9.00,9.14,8.74
2016-03-11,8.91,8.63,8.96,8.54
2016-03-14,8.65,8.71,8.76,8.60
2016-03-15,8.75,8.45,8.75,8.42
2016-03-16,8.36,8.63,8.72,8.11
2016-03-17,8.66,8.56,8.69,8.51
2016-03-18,8.66,8.82,9.25,8.24
2016-03-21,8.76,9.12,9.13,8.63
2016-03-22,9.12,9.12,9.18,9.02
2016-03-23,9.17,9.07,9.18,9.03
2016-03-24,9.07,8.86,9.09,8.85
2016-03-25,8.87,8.77,8.92,8.64
2016-03-28,8.80,8.42,8.80,8.31
2016-03-29,8.37,8.50,8.54,8.37
2016-03-30,8.35,8.44,8.58,8.27
2016-03-31,8.46,8.45,8.51,8.42
2016-04-01,8.42,8.71,8.74,8.35
2016-04-05,8.76,9.20,9.20,8.62
2016-04-06,9.13,8.89,9.28,8.80
2016-04-07,8.87,8.83,9.09,8.72
2016-04-08,8.86,8.42,9.12,8.42
2016-04-11,8.45,8.46,8.47,8.37
2016-04-12,8.54,8.53,8.81,8.38
2016-04-13,8.55,8.51,8.66,8.42
2016-04-14,8.28,8.12,8.58,8.06
2016-04-15,8.04,8.00,8.24,7.92
2016-04-18,8.02,8.17,8.19,7.95
2016-04-19,8.23,8.40,8.42,8.19
2016-04-20,8.37,8.30,8.38,8.28
2016-04-21,8.30,8.35,8.39,8.27
2016-04-22,8.45,8.23,8.61,8.10
2016-04-25,8.28,8.22,8.36,8.12
2016-04-26,8.21,8.28,8.35,8.21
2016-04-27,8.04,7.66,8.24,7.46
2016-04-28,7.58,7.50,7.62,7.37
2016-04-29,7.45,7.72,7.75,7.45
2016-05-03,7.62,7.40,7.62,7.38
2016-05-04,7.39,7.49,7.56,7.39
2016-05-05,7.43,7.43,7.47,7.36
2016-05-06,7.35,7.50,7.58,7.07
2016-05-09,7.50,7.33,7.67,7.02
2016-05-10,7.38,8.02,8.04,7.29
2016-05-11,8.04,8.36,8.67,7.92
2016-05-12,8.39,8.52,8.58,8.31
2016-05-13,8.56,8.58,8.59,8.54
2016-05-16,8.58,8.56,8.65,8.19
2016-05-17,8.71,9.01,9.02,8.71
2016-05-18,9.01,8.98,9.07,8.94
2016-05-19,9.06,9.13,9.32,8.87
2016-05-20,9.18,9.63,9.69,9.18
2016-05-23,9.75,9.71,10.08,9.65
2016-05-24,9.44,9.14,9.84,8.74
2016-05-25,9.16,9.01,9.28,8.89
2016-05-26,8.85,8.65,8.99,8.59
2016-05-27,8.57,8.40,8.61,8.33
2016-05-30,8.45,8.57,8.58,8.42
2016-05-31,8.54,8.50,8.59,8.48
2016-06-01,8.50,8.47,8.61,8.45
2016-06-02,8.50,8.54,8.61,8.49
2016-06-03,8.56,8.65,8.80,8.49
2016-06-06,8.51,8.57,8.72,8.40
2016-06-07,8.57,8.63,8.74,8.55
2016-06-08,8.61,8.90,9.08,8.48
2016-06-13,8.92,8.82,8.96,8.72
2016-06-14,9.70,9.70,9.70,9.29
2016-06-15,10.48,10.67,10.67,10.48
2016-06-16,10.72,10.60,10.72,10.21
2016-06-17,10.74,10.48,10.88,10.38
2016-06-20,10.43,10.35,10.52,10.23
2016-06-21,10.33,10.24,10.52,10.02
2016-06-22,10.25,10.94,11.27,10.20
2016-06-23,10.74,10.76,11.12,10.46
2016-06-24,10.94,10.54,11.20,10.33
2016-06-27,10.59,10.86,10.96,10.58
2016-06-28,10.85,10.89,10.89,10.75
2016-06-29,10.89,11.00,11.05,10.77
2016-06-30,10.55,11.03,11.42,10.16
2016-07-01,10.98,12.13,12.13,10.83
2016-07-04,12.23,12.02,12.63,11.89
2016-07-05,12.08,12.02,12.17,11.90
2016-07-06,12.00,11.86,12.10,11.80
2016-07-07,11.86,12.78,12.78,11.86
2016-07-08,12.77,12.52,12.77,12.41
2016-07-11,12.12,12.04,12.41,11.82
2016-07-12,11.90,11.20,12.04,10.83
2016-07-13,11.22,11.49,11.80,11.00
2016-07-14,11.58,11.91,12.09,11.36
2016-07-15,11.94,11.88,11.96,11.85
2016-07-18,11.88,11.63,11.90,11.62
2016-07-19,11.57,11.52,11.63,11.46
2016-07-20,11.49,11.25,11.56,11.18
2016-07-21,11.29,11.17,11.36,11.12
2016-07-22,11.20,11.11,11.24,11.08
2016-07-25,11.11,11.19,11.46,11.11
2016-07-26,11.19,10.97,11.19,10.58
2016-07-27,11.02,10.49,11.68,10.37
2016-07-28,10.46,10.48,10.57,10.44
2016-07-29,9.43,9.43,9.43,9.43
2016-08-01,9.43,9.29,9.47,9.21
2016-08-02,9.28,9.60,9.85,9.22
2016-08-03,9.60,9.39,9.65,9.31
2016-08-04,9.35,9.25,9.42,9.24
2016-08-05,9.21,9.25,9.26,9.18
2016-08-08,9.25,9.19,9.29,9.12
2016-08-09,9.19,9.10,9.29,9.09
2016-08-10,9.03,8.94,9.09,8.87
2016-08-11,9.02,9.17,9.30,8.97
2016-08-12,9.21,9.07,9.21,8.79
2016-08-15,9.36,9.98,9.98,9.36
2016-08-16,8.98,8.98,9.58,8.98
2016-08-17,9.00,8.90,9.02,8.86
2016-08-18,8.90,8.75,8.97,8.62
2016-08-19,8.89,8.91,9.01,8.75
2016-08-22,8.80,9.80,9.80,8.78
2016-08-23,9.77,9.72,10.10,9.48
2016-08-24,9.68,9.69,9.79,9.61
2016-08-25,9.69,9.29,9.97,9.29
2016-08-26,9.29,9.30,9.40,9.22
2016-08-29,9.22,9.38,9.39,9.06
2016-08-30,10.14,10.33,10.33,10.11
2016-08-31,10.47,10.07,10.54,10.04
2016-09-01,10.08,10.14,10.21,10.08
2016-09-02,10.19,10.01,10.62,9.72
2016-09-05,9.70,9.53,9.86,9.46
2016-09-06,9.52,9.44,9.62,9.37
2016-09-07,9.48,9.42,9.62,9.39
2016-09-08,9.44,10.09,10.21,9.21
2016-09-09,10.20,10.01,10.20,10.00
2016-09-12,10.01,9.97,10.09,9.95
2016-09-13,10.03,9.95,10.08,9.92
2016-09-14,9.97,9.80,10.13,9.79
2016-09-19,9.88,9.35,9.88,9.34
2016-09-20,9.26,9.44,9.44,9.24
2016-09-21,9.50,9.53,9.65,9.49
2016-09-22,9.50,9.62,9.64,9.39
2016-09-23,9.63,9.47,9.66,9.47
2016-09-26,9.47,9.67,9.78,9.40
2016-09-27,9.62,9.86,9.99,9.60
2016-09-28,9.91,9.61,10.03,9.55
2016-09-29,9.61,9.55,9.76,9.54
2016-09-30,9.60,9.37,9.63,9.32
2016-10-10,9.29,9.46,9.46,9.29
2016-10-11,9.47,9.67,9.77,9.18
2016-10-12,9.63,9.51,9.64,9.40
2016-10-13,9.46,9.76,9.83,9.24
2016-10-14,9.76,9.88,9.92,9.49
2016-10-17,9.86,9.75,9.93,9.67
2016-10-18,9.73,9.54,9.73,9.49
2016-10-19,9.54,9.54,9.59,9.44
2016-10-20,9.51,9.34,9.59,9.33
2016-10-21,8.87,8.41,9.20,8.41
2016-10-24,8.35,8.38,8.50,8.28
2016-10-25,8.41,8.72,8.76,8.26
2016-10-26,8.72,8.73,8.90,8.70
2016-10-27,8.72,8.73,8.78,8.53
2016-10-28,8.77,8.73,8.77,8.66
2016-10-31,8.59,8.85,8.87,8.59
2016-11-01,9.23,8.65,9.34,7.97
2016-11-02,8.32,8.32,8.41,8.08
2016-11-03,8.23,8.20,8.30,8.16
2016-11-04,8.17,8.19,8.20,8.03
2016-11-07,8.22,8.57,8.83,7.98
2016-11-08,8.52,8.68,8.73,8.36
2016-11-09,8.61,8.60,8.68,8.58
2016-11-10,8.61,8.46,8.63,8.23
2016-11-11,8.42,8.52,8.54,8.31
2016-11-14,8.49,8.51,8.55,8.45
2016-11-15,8.50,8.48,8.54,8.40
2016-11-16,8.38,8.50,8.70,8.37
2016-11-17,8.59,8.52,8.64,8.49
2016-11-18,8.53,8.63,8.66,8.53
2016-11-21,8.48,8.22,8.70,8.21
2016-11-22,8.18,8.11,8.19,8.07
2016-11-23,8.11,8.23,8.25,8.08
2016-11-24,8.21,8.14,8.29,8.10
2016-11-25,8.10,7.83,8.14,7.37
2016-11-28,7.84,7.34,7.87,7.33
2016-11-29,7.41,7.46,7.47,7.34
2016-11-30,7.50,7.57,7.62,7.46
2016-12-01,7.62,7.70,7.94,7.57
2016-12-02,7.59,7.71,7.75,7.45
2016-12-05,7.70,7.02,7.70,6.97
2016-12-06,7.13,7.08,7.15,6.96
2016-12-07,7.08,7.05,7.13,6.99
2016-12-08,7.03,6.96,7.03,6.93
2016-12-09,6.91,6.87,6.94,6.75
2016-12-12,6.90,6.90,6.96,6.87
2016-12-13,6.86,6.78,6.86,6.66
2016-12-14,6.75,6.59,6.76,6.49
2016-12-15,6.59,6.63,6.65,6.56
2016-12-16,6.54,6.76,6.77,6.39
2016-12-19,6.08,6.08,6.08,6.08
2016-12-20,5.96,6.25,6.55,5.92
2016-12-21,6.25,6.57,6.58,6.20
2016-12-22,6.71,7.15,7.23,6.71
2016-12-23,7.15,7.17,7.27,7.08
2016-12-26,7.20,6.45,7.21,6.45
2016-12-27,6.42,6.46,6.54,6.40
2016-12-28,6.48,6.94,6.95,6.48
2016-12-29,6.88,6.55,6.91,6.45
2016-12-30,6.49,6.52,6.57,6.43
2017-01-03,6.50,6.44,6.50,6.42
2017-01-04,6.41,6.51,6.52,6.36
2017-01-05,6.51,6.34,6.51,6.09
2017-01-06,6.39,6.35,6.46,6.29
2017-01-09,6.26,6.44,6.51,6.17
2017-01-10,6.41,6.43,6.67,6.41
2017-01-11,6.46,6.59,6.63,6.44
2017-01-12,6.51,6.40,6.60,6.39
2017-01-13,6.44,6.41,6.44,6.25
2017-01-16,6.39,6.52,6.56,6.37
2017-01-17,6.36,6.84,7.03,6.33
2017-01-18,6.85,7.00,7.04,6.85
2017-01-19,6.96,6.83,6.97,6.79
2017-01-20,6.68,6.76,6.76,6.47
2017-01-23,6.73,6.79,6.82,6.73
2017-01-24,6.79,6.59,7.02,6.47
2017-01-25,6.63,7.11,7.14,6.57
2017-01-26,7.11,7.13,7.17,7.00
2017-02-03,7.24,6.90,7.27,6.77
2017-02-06,7.49,7.59,7.59,7.37
2017-02-07,7.50,7.49,7.57,7.41
2017-02-08,7.66,7.80,8.14,7.47
2017-02-09,8.10,7.80,8.19,7.04
2017-02-10,7.78,7.84,7.91,7.78
2017-02-13,7.78,7.66,7.81,7.63
2017-02-14,7.72,7.60,7.73,7.55
2017-02-15,7.59,7.66,7.71,7.59
2017-02-16,7.69,7.85,8.17,7.69
2017-02-17,7.85,7.85,7.99,7.71
2017-02-20,7.78,7.82,7.87,7.75
2017-02-21,7.81,7.87,7.91,7.81
2017-02-22,7.86,7.91,7.98,7.80
2017-02-23,8.00,8.24,8.27,7.87
2017-02-24,8.24,8.25,8.35,8.18
2017-02-27,8.25,8.17,8.25,8.12
2017-02-28,8.19,8.09,8.20,8.08
2017-03-01,8.05,8.07,8.16,8.01
2017-03-02,8.08,8.00,8.17,7.88
2017-03-03,8.10,8.80,8.80,8.10
2017-03-06,8.67,8.64,8.69,8.05
2017-03-07,8.64,8.61,8.87,8.55
2017-03-08,8.66,8.27,8.75,7.91
2017-03-09,8.26,8.21,8.27,8.18
2017-03-10,8.20,8.23,8.28,8.20
2017-03-13,8.10,8.17,8.59,7.80
2017-03-14,8.05,8.18,8.35,7.93
2017-03-15,8.29,8.02,8.38,7.91
2017-03-16,8.04,8.10,8.13,7.99
2017-03-17,8.16,8.22,8.24,8.06
2017-03-20,8.19,8.16,8.27,8.08
2017-03-21,8.22,8.25,8.35,8.18
2017-03-22,8.30,8.27,8.34,8.20
2017-03-23,8.48,8.59,8.73,8.20
2017-03-24,8.54,8.47,8.64,8.47
2017-03-27,8.29,8.83,9.03,8.29
2017-03-28,9.42,9.18,9.62,9.12
2017-03-29,9.14,9.27,9.36,9.05
2017-03-30,9.26,9.37,9.42,9.22
2017-03-31,9.37,9.19,9.37,9.17
2017-04-05,9.28,8.90,9.32,8.88
2017-04-06,8.88,8.90,8.97,8.77
2017-04-07,8.82,8.90,9.08,8.67
2017-04-10,8.93,9.00,9.11,8.88
2017-04-11,9.06,8.98,9.24,8.75
2017-04-12,8.85,8.65,8.85,8.57
2017-04-13,9.52,9.52,9.52,9.52
2017-04-14,9.53,9.99,10.06,9.46
2017-04-17,9.87,9.98,10.06,9.70
2017-04-18,10.01,10.08,10.09,9.86
2017-04-19,10.05,10.58,10.93,10.04
2017-04-20,10.56,10.72,10.78,10.49
2017-04-21,10.74,10.46,10.77,10.27
2017-04-24,10.24,10.12,10.41,9.96
2017-04-25,10.07,9.86,10.08,9.86
2017-04-26,9.85,9.08,9.85,9.06
2017-04-27,9.19,8.86,9.45,8.60
2017-04-28,8.81,8.87,8.90,8.75
2017-05-02,8.76,8.66,8.98,8.55
2017-05-03,8.43,8.99,9.17,8.32
2017-05-04,8.98,9.19,9.27,8.98
2017-05-05,9.16,9.23,9.26,9.13
2017-05-08,9.21,9.26,9.34,8.88
2017-05-09,9.61,9.71,9.95,9.55
2017-05-10,9.71,9.93,10.20,9.71
2017-05-11,9.71,9.85,10.02,9.55
2017-05-12,9.79,9.66,9.79,9.58
2017-05-15,10.26,10.26,10.33,9.75
2017-05-16,10.33,10.27,10.48,10.26
2017-05-17,10.29,10.36,10.38,10.22
2017-05-18,10.42,10.73,10.91,10.41
2017-05-19,10.76,10.61,10.77,10.48
2017-05-22,10.54,10.67,10.83,10.54
2017-05-23,10.85,10.96,11.08,10.69
2017-05-24,10.93,10.76,10.96,10.73
2017-05-25,10.44,10.19,10.75,10.18
2017-05-26,10.31,10.38,10.55,10.14
2017-05-31,10.02,9.34,10.22,9.34
2017-06-01,9.20,8.41,9.20,8.41
2017-06-02,8.42,8.40,8.58,8.37
2017-06-05,8.36,8.26,8.45,8.24
2017-06-06,8.20,8.18,8.24,8.14
2017-06-07,8.18,8.09,8.18,7.93
2017-06-08,8.06,8.18,8.21,8.03
2017-06-09,8.13,7.93,8.37,7.78
2017-06-12,8.02,7.90,8.53,7.84
2017-06-13,7.90,8.05,8.05,7.68
2017-06-14,8.14,8.77,8.86,8.07
2017-06-15,8.73,8.76,8.85,8.70
2017-06-16,8.71,9.21,9.38,8.66
2017-06-19,9.11,9.32,9.32,9.05
2017-06-20,9.29,9.36,9.41,9.20
2017-06-21,9.32,9.16,9.35,9.12
2017-06-22,9.15,9.18,9.31,9.13
2017-06-23,9.26,9.09,9.36,9.08
2017-06-26,9.18,9.99,9.99,9.02
2017-06-27,10.05,10.09,10.14,10.01
2017-06-28,10.07,10.03,10.08,9.95
2017-06-29,9.89,9.09,9.90,9.03
2017-06-30,9.09,8.63,9.24,8.18
2017-07-03,8.63,8.57,8.63,8.49
2017-07-04,8.57,8.42,8.68,8.31
2017-07-05,8.71,9.08,9.23,8.56
2017-07-06,9.08,9.22,9.25,9.02
2017-07-07,9.14,9.07,9.29,9.02
2017-07-10,9.20,9.08,9.27,9.03
2017-07-11,9.05,9.28,9.29,8.99
2017-07-12,9.36,9.18,9.36,9.03
2017-07-13,9.14,9.12,9.16,9.02
2017-07-14,9.01,8.23,9.06,8.21
2017-07-17,8.23,8.28,8.54,8.06
2017-07-18,8.34,8.49,8.55,8.31
2017-07-19,8.47,8.79,8.85,8.21
2017-07-20,8.71,8.72,8.83,8.65
2017-07-21,8.78,8.65,8.80,8.59
2017-07-24,8.81,7.78,8.90,7.78
2017-07-25,7.54,8.10,8.39,7.49
2017-07-26,8.10,8.16,8.22,7.97
2017-07-27,8.16,8.44,8.44,8.16
2017-07-28,8.24,7.90,8.59,7.66
2017-07-31,8.13,7.94,8.21,7.60
2017-08-01,8.08,8.15,8.22,7.99
2017-08-02,8.15,8.09,8.18,8.08
2017-08-03,8.08,8.11,8.20,8.03
2017-08-04,8.32,8.26,8.53,8.24
2017-08-07,7.69,7.82,8.62,7.60
2017-08-08,7.82,7.88,8.01,7.77
2017-08-09,7.75,7.93,7.93,7.69
2017-08-10,7.81,7.70,7.91,7.70
2017-08-11,7.85,7.91,8.11,7.71
2017-08-14,8.01,8.22,8.49,7.94
2017-08-15,8.33,8.16,8.33,8.08
2017-08-16,8.16,8.00,8.16,7.95
2017-08-17,7.85,8.20,8.26,7.64
2017-08-18,7.98,7.38,8.02,7.38
2017-08-21,7.35,7.45,7.48,7.34
2017-08-22,7.34,8.00,8.03,7.29
2017-08-23,7.98,7.92,8.03,7.86
2017-08-24,7.87,7.73,7.88,7.68
2017-08-25,7.73,7.81,7.96,7.70
2017-08-28,8.05,7.89,8.21,7.67
2017-08-29,7.87,8.69,8.69,7.84
2017-08-30,8.62,8.68,8.79,8.62
2017-08-31,8.68,8.72,8.84,8.65
2017-09-01,8.74,8.98,9.05,8.67
2017-09-04,8.99,9.04,9.16,8.92
2017-09-05,8.57,9.11,9.24,8.19
2017-09-06,9.11,9.16,9.23,9.07
2017-09-07,9.13,9.19,9.27,9.05
2017-09-08,9.21,9.10,9.24,9.08
2017-09-11,8.87,8.33,8.87,8.32
2017-09-12,8.17,8.10,8.29,7.84
2017-09-13,8.10,8.23,8.23,8.04
2017-09-14,8.20,8.37,8.39,8.14
2017-09-15,8.37,8.26,8.48,8.26
2017-09-18,8.17,7.86,8.25,7.63
2017-09-19,7.89,8.05,8.14,7.74
2017-09-20,8.04,7.24,8.18,7.24
2017-09-21,7.21,7.19,7.26,7.11
2017-09-22,7.11,7.07,7.17,7.02
2017-09-25,7.28,7.78,7.78,7.06
2017-09-26,7.82,7.79,7.97,7.78
2017-09-27,7.83,7.82,8.00,7.78
2017-09-28,7.83,7.33,7.86,7.06
2017-09-29,7.29,7.32,7.34,7.26
2017-10-09,7.30,7.25,7.32,7.22
2017-10-10,7.25,7.41,7.43,7.20
2017-10-11,7.42,7.78,7.78,7.42
2017-10-12,7.68,7.98,8.07,7.68
2017-10-13,7.91,8.28,8.37,7.71
2017-10-16,8.33,8.33,8.39,8.30
2017-10-17,8.33,8.35,8.36,8.23
2017-10-18,8.68,8.08,8.86,8.05
2017-10-19,7.80,7.75,8.26,7.55
2017-10-20,7.80,8.09,8.28,7.80
2017-10-23,7.97,8.45,8.82,7.92
2017-10-24,8.65,9.01,9.29,8.57
2017-10-25,9.05,9.11,9.12,8.85
2017-10-26,9.11,8.28,9.11,8.21
2017-10-27,8.26,8.04,8.62,7.93
2017-10-30,8.04,8.01,8.15,8.00
2017-10-31,7.96,7.68,8.00,7.65
2017-11-01,7.81,8.37,8.45,7.74
2017-11-02,8.08,7.53,8.21,7.53
2017-11-03,7.58,7.48,7.59,7.46
2017-11-06,7.55,7.78,7.99,7.30
2017-11-07,7.74,7.60,7.83,7.58
2017-11-08,7.56,7.74,7.98,7.50
2017-11-09,7.74,7.68,7.77,7.67
2017-11-10,7.68,7.47,7.79,7.45
2017-11-13,7.55,7.45,7.58,7.38
2017-11-14,7.47,7.39,7.47,7.31
2017-11-15,7.11,6.65,7.22,6.65
2017-11-16,6.61,6.40,6.67,6.39
2017-11-17,6.48,6.11,6.48,6.11
2017-11-20,6.13,6.19,6.23,6.09
2017-11-21,6.19,6.21,6.34,6.07
2017-11-22,6.22,6.17,6.27,6.17
2017-11-23,6.11,6.10,6.33,6.03
2017-11-24,6.10,6.33,6.37,6.00
2017-11-27,6.30,6.45,6.51,6.30
2017-11-28,6.45,6.48,6.48,6.39
2017-11-29,5.83,5.83,6.38,5.83
2017-11-30,5.83,5.72,5.84,5.70
2017-12-01,5.64,5.94,5.94,5.50
2017-12-04,5.93,5.95,5.95,5.90
2017-12-05,5.97,5.88,5.97,5.84
2017-12-06,5.86,5.84,5.91,5.83
2017-12-07,5.53,5.88,6.01,5.53
2017-12-08,5.89,5.97,6.00,5.83
2017-12-11,5.97,5.94,6.04,5.90
2017-12-12,5.95,5.95,5.98,5.86
2017-12-13,5.95,6.08,6.12,5.92
2017-12-14,6.15,6.02,6.15,5.99
2017-12-15,6.07,5.59,6.07,5.53
2017-12-18,5.55,5.48,5.82,5.47
2017-12-19,5.48,5.58,5.60,5.45
2017-12-20,5.74,6.13,6.13,5.71
2017-12-21,6.11,6.25,6.33,6.10
2017-12-22,6.23,6.23,6.30,6.12
2017-12-25,6.17,5.97,6.29,5.94
2017-12-26,5.88,5.69,5.95,5.67
2017-12-27,5.71,5.82,5.82,5.62
2017-12-28,5.67,5.54,5.78,5.38
2017-12-29,5.61,5.88,5.92,5.56
2018-01-02,5.92,5.87,5.94,5.79
2018-01-03,5.83,5.89,5.97,5.79
2018-01-04,5.84,6.25,6.34,5.84
2018-01-05,6.26,6.27,6.54,6.20
2018-01-08,6.28,6.36,6.42,6.23
2018-01-09,6.45,6.99,6.99,6.45
2018-01-10,6.98,6.72,6.98,6.71
2018-01-11,6.75,6.70,6.79,6.61
2018-01-12,6.43,6.74,7.31,6.37
2018-01-15,6.70,6.65,6.83,6.64
2018-01-16,6.68,6.72,6.74,6.65
2018-01-17,6.74,6.74,6.81,6.68
2018-01-18,7.00,7.41,7.41,6.90
2018-01-19,7.33,7.26,7.39,7.21
2018-01-22,7.29,7.30,7.37,7.24
2018-01-23,7.15,7.18,7.20,6.86
2018-01-24,7.20,6.93,7.25,6.88
2018-01-25,6.94,6.89,6.99,6.87
2018-01-26,6.88,6.77,6.88,6.71
2018-01-29,6.77,6.87,7.00,6.77
2018-01-30,6.87,6.75,6.91,6.71
2018-01-31,6.74,6.76,6.76,6.59
2018-02-01,6.84,7.14,7.20,6.83
